Transaction Date,Service Period Start Date,Service Period End Date,Description,Payment Type,Mop Last 4,Mop Creation Date,Mop Pmt Processor Desc,Item Price Amt,Currency,Tax Amt,Gross Sale Amt,Pmt Txn Type,Pmt Status,Final Invoice Result,Country,Next Billing Date
2022-09-12,2022-09-01,2022-09-30,SUBSCRIPTION,EU_DIRECT_DEBIT,3802,,DD-EUR,11.99,EUR,2.08,11.99,SALE,APPROVED,SETTLED,NL,2022-10-01
2022-09-12,,,payment_transaction,EU_DIRECT_DEBIT,3802,,,,EUR,,11.99,SALE,APPROVED,,NL,
2022-09-12,2022-09-01,2022-09-30,SUBSCRIPTION,EU_DIRECT_DEBIT,3802,,DD-EUR,11.99,EUR,2.08,11.99,SALE,PENDING,SETTLED,NL,2022-10-01
2022-09-01,,,payment_transaction,EU_DIRECT_DEBIT,3802,,,,EUR,,11.99,SALE,PENDING,,NL,
2022-08-10,2022-08-01,2022-08-31,SUBSCRIPTION,EU_DIRECT_DEBIT,3802,,DD-EUR,11.99,EUR,2.08,11.99,SALE,APPROVED,SETTLED,NL,2022-09-01
2022-08-10,2022-08-01,2022-08-31,SUBSCRIPTION,EU_DIRECT_DEBIT,3802,,DD-EUR,11.99,EUR,2.08,11.99,SALE,PENDING,SETTLED,NL,2022-09-01
2022-08-10,,,payment_transaction,EU_DIRECT_DEBIT,3802,,,,EUR,,11.99,SALE,APPROVED,,NL,
2022-08-01,,,payment_transaction,EU_DIRECT_DEBIT,3802,,,,EUR,,11.99,SALE,PENDING,,NL,
2022-07-12,2022-07-01,2022-07-31,SUBSCRIPTION,EU_DIRECT_DEBIT,3802,,DD-EUR,11.99,EUR,2.08,11.99,SALE,PENDING,SETTLED,NL,2022-08-01
2022-07-12,2022-07-01,2022-07-31,SUBSCRIPTION,EU_DIRECT_DEBIT,3802,,DD-EUR,11.99,EUR,2.08,11.99,SALE,APPROVED,SETTLED,NL,2022-08-01
2022-07-12,,,payment_transaction,EU_DIRECT_DEBIT,3802,,,,EUR,,11.99,SALE,APPROVED,,NL,
2022-07-01,,,payment_transaction,EU_DIRECT_DEBIT,3802,,,,EUR,,11.99,SALE,PENDING,,NL,
2022-06-13,,,payment_transaction,EU_DIRECT_DEBIT,3802,,,,EUR,,11.99,SALE,APPROVED,,NL,
2022-06-13,2022-06-01,2022-06-30,SUBSCRIPTION,EU_DIRECT_DEBIT,3802,,DD-EUR,11.99,EUR,2.08,11.99,SALE,PENDING,SETTLED,NL,2022-07-01
2022-06-13,2022-06-01,2022-06-30,SUBSCRIPTION,EU_DIRECT_DEBIT,3802,,DD-EUR,11.99,EUR,2.08,11.99,SALE,APPROVED,SETTLED,NL,2022-07-01
2022-06-01,,,payment_transaction,EU_DIRECT_DEBIT,3802,,,,EUR,,11.99,SALE,PENDING,,NL,
2022-05-12,2022-05-01,2022-05-31,SUBSCRIPTION,EU_DIRECT_DEBIT,3802,,DD-EUR,11.99,EUR,2.08,11.99,SALE,PENDING,SETTLED,NL,2022-06-01
2022-05-12,,,payment_transaction,EU_DIRECT_DEBIT,3802,,,,EUR,,11.99,SALE,APPROVED,,NL,
2022-05-12,2022-05-01,2022-05-31,SUBSCRIPTION,EU_DIRECT_DEBIT,3802,,DD-EUR,11.99,EUR,2.08,11.99,SALE,APPROVED,SETTLED,NL,2022-06-01
2022-05-01,,,payment_transaction,EU_DIRECT_DEBIT,3802,,,,EUR,,11.99,SALE,PENDING,,NL,
2022-04-12,2022-04-01,2022-04-30,SUBSCRIPTION,EU_DIRECT_DEBIT,3802,,DD-EUR,11.99,EUR,2.08,11.99,SALE,PENDING,SETTLED,NL,2022-05-01
2022-04-12,2022-04-01,2022-04-30,SUBSCRIPTION,EU_DIRECT_DEBIT,3802,,DD-EUR,11.99,EUR,2.08,11.99,SALE,APPROVED,SETTLED,NL,2022-05-01
2022-04-12,,,payment_transaction,EU_DIRECT_DEBIT,3802,,,,EUR,,11.99,SALE,APPROVED,,NL,
2022-04-01,,,payment_transaction,EU_DIRECT_DEBIT,3802,,,,EUR,,11.99,SALE,PENDING,,NL,
2022-03-10,2022-03-01,2022-03-31,SUBSCRIPTION,EU_DIRECT_DEBIT,3802,,DD-EUR,11.99,EUR,2.08,11.99,SALE,APPROVED,SETTLED,NL,2022-04-01
2022-03-10,,,payment_transaction,EU_DIRECT_DEBIT,3802,,,,EUR,,11.99,SALE,APPROVED,,NL,
2022-03-10,2022-03-01,2022-03-31,SUBSCRIPTION,EU_DIRECT_DEBIT,3802,,DD-EUR,11.99,EUR,2.08,11.99,SALE,PENDING,SETTLED,NL,2022-04-01
2022-03-01,,,payment_transaction,EU_DIRECT_DEBIT,3802,,,,EUR,,11.99,SALE,PENDING,,NL,
2022-02-10,2022-02-01,2022-02-28,SUBSCRIPTION,EU_DIRECT_DEBIT,3802,,DD-EUR,11.99,EUR,2.08,11.99,SALE,APPROVED,SETTLED,NL,2022-03-01
2022-02-10,2022-02-01,2022-02-28,SUBSCRIPTION,EU_DIRECT_DEBIT,3802,,DD-EUR,11.99,EUR,2.08,11.99,SALE,PENDING,SETTLED,NL,2022-03-01
2022-02-10,,,payment_transaction,EU_DIRECT_DEBIT,3802,,,,EUR,,11.99,SALE,APPROVED,,NL,
2022-02-01,,,payment_transaction,EU_DIRECT_DEBIT,3802,,,,EUR,,11.99,SALE,PENDING,,NL,
2022-01-12,2022-01-01,2022-01-31,SUBSCRIPTION,EU_DIRECT_DEBIT,3802,,DD-EUR,11.99,EUR,2.08,11.99,SALE,PENDING,SETTLED,NL,2022-02-01
2022-01-12,2022-01-01,2022-01-31,SUBSCRIPTION,EU_DIRECT_DEBIT,3802,,DD-EUR,11.99,EUR,2.08,11.99,SALE,APPROVED,SETTLED,NL,2022-02-01
2022-01-12,,,payment_transaction,EU_DIRECT_DEBIT,3802,,,,EUR,,11.99,SALE,APPROVED,,NL,
2022-01-01,,,payment_transaction,EU_DIRECT_DEBIT,3802,,,,EUR,,11.99,SALE,PENDING,,NL,
2021-12-10,2021-12-01,2021-12-31,SUBSCRIPTION,EU_DIRECT_DEBIT,3802,,DD-EUR,11.99,EUR,2.08,11.99,SALE,PENDING,SETTLED,NL,2022-01-01
2021-12-10,2021-12-01,2021-12-31,SUBSCRIPTION,EU_DIRECT_DEBIT,3802,,DD-EUR,11.99,EUR,2.08,11.99,SALE,APPROVED,SETTLED,NL,2022-01-01
2021-12-10,,,payment_transaction,EU_DIRECT_DEBIT,3802,,,,EUR,,11.99,SALE,APPROVED,,NL,
2021-12-01,,,payment_transaction,EU_DIRECT_DEBIT,3802,,,,EUR,,11.99,SALE,PENDING,,NL,
2021-11-10,2021-11-01,2021-11-30,SUBSCRIPTION,EU_DIRECT_DEBIT,3802,,DD-EUR,10.99,EUR,1.91,10.99,SALE,PENDING,SETTLED,NL,2021-12-01
2021-11-10,2021-11-01,2021-11-30,SUBSCRIPTION,EU_DIRECT_DEBIT,3802,,DD-EUR,10.99,EUR,1.91,10.99,SALE,APPROVED,SETTLED,NL,2021-12-01
2021-11-10,,,payment_transaction,EU_DIRECT_DEBIT,3802,,,,EUR,,10.99,SALE,APPROVED,,NL,
2021-11-01,,,payment_transaction,EU_DIRECT_DEBIT,3802,,,,EUR,,10.99,SALE,PENDING,,NL,
2021-10-12,2021-10-01,2021-10-31,SUBSCRIPTION,EU_DIRECT_DEBIT,3802,,DD-EUR,10.99,EUR,1.91,10.99,SALE,APPROVED,SETTLED,NL,2021-11-01
2021-10-12,,,payment_transaction,EU_DIRECT_DEBIT,3802,,,,EUR,,10.99,SALE,APPROVED,,NL,
2021-10-12,2021-10-01,2021-10-31,SUBSCRIPTION,EU_DIRECT_DEBIT,3802,,DD-EUR,10.99,EUR,1.91,10.99,SALE,PENDING,SETTLED,NL,2021-11-01
2021-10-01,,,payment_transaction,EU_DIRECT_DEBIT,3802,,,,EUR,,10.99,SALE,PENDING,,NL,
2021-09-10,,,payment_transaction,EU_DIRECT_DEBIT,3802,,,,EUR,,10.99,SALE,APPROVED,,NL,
2021-09-10,2021-09-01,2021-09-30,SUBSCRIPTION,EU_DIRECT_DEBIT,3802,,DD-EUR,10.99,EUR,1.91,10.99,SALE,PENDING,SETTLED,NL,2021-10-01
2021-09-10,2021-09-01,2021-09-30,SUBSCRIPTION,EU_DIRECT_DEBIT,3802,,DD-EUR,10.99,EUR,1.91,10.99,SALE,APPROVED,SETTLED,NL,2021-10-01
2021-09-01,,,payment_transaction,EU_DIRECT_DEBIT,3802,,,,EUR,,10.99,SALE,PENDING,,NL,
2021-08-11,,,payment_transaction,EU_DIRECT_DEBIT,3802,,,,EUR,,10.99,SALE,APPROVED,,NL,
2021-08-11,2021-08-01,2021-08-31,SUBSCRIPTION,EU_DIRECT_DEBIT,3802,,DD-EUR,10.99,EUR,1.91,10.99,SALE,APPROVED,SETTLED,NL,2021-09-01
2021-08-11,2021-08-01,2021-08-31,SUBSCRIPTION,EU_DIRECT_DEBIT,3802,,DD-EUR,10.99,EUR,1.91,10.99,SALE,PENDING,SETTLED,NL,2021-09-01
2021-08-01,,,payment_transaction,EU_DIRECT_DEBIT,3802,,,,EUR,,10.99,SALE,PENDING,,NL,
2021-07-12,2021-07-01,2021-07-31,SUBSCRIPTION,EU_DIRECT_DEBIT,3802,,DD-EUR,10.99,EUR,1.91,10.99,SALE,PENDING,SETTLED,NL,2021-08-01
2021-07-12,2021-07-01,2021-07-31,SUBSCRIPTION,EU_DIRECT_DEBIT,3802,,DD-EUR,10.99,EUR,1.91,10.99,SALE,APPROVED,SETTLED,NL,2021-08-01
2021-07-12,,,payment_transaction,EU_DIRECT_DEBIT,3802,,,,EUR,,10.99,SALE,APPROVED,,NL,
2021-07-01,,,payment_transaction,EU_DIRECT_DEBIT,3802,,,,EUR,,10.99,SALE,PENDING,,NL,
2021-06-10,2021-06-01,2021-06-30,SUBSCRIPTION,EU_DIRECT_DEBIT,3802,,DD-EUR,10.99,EUR,1.91,10.99,SALE,PENDING,SETTLED,NL,2021-07-01
2021-06-10,,,payment_transaction,EU_DIRECT_DEBIT,3802,,,,EUR,,10.99,SALE,APPROVED,,NL,
2021-06-10,2021-06-01,2021-06-30,SUBSCRIPTION,EU_DIRECT_DEBIT,3802,,DD-EUR,10.99,EUR,1.91,10.99,SALE,APPROVED,SETTLED,NL,2021-07-01
2021-06-01,,,payment_transaction,EU_DIRECT_DEBIT,3802,,,,EUR,,10.99,SALE,PENDING,,NL,
2021-05-12,2021-05-01,2021-05-31,SUBSCRIPTION,EU_DIRECT_DEBIT,3802,,DD-EUR,10.99,EUR,1.91,10.99,SALE,PENDING,SETTLED,NL,2021-06-01
2021-05-12,,,payment_transaction,EU_DIRECT_DEBIT,3802,,,,EUR,,10.99,SALE,APPROVED,,NL,
2021-05-12,2021-05-01,2021-05-31,SUBSCRIPTION,EU_DIRECT_DEBIT,3802,,DD-EUR,10.99,EUR,1.91,10.99,SALE,APPROVED,SETTLED,NL,2021-06-01
2021-05-01,,,payment_transaction,EU_DIRECT_DEBIT,3802,,,,EUR,,10.99,SALE,PENDING,,NL,
2021-04-14,2021-04-01,2021-04-30,SUBSCRIPTION,EU_DIRECT_DEBIT,3802,,DD-EUR,10.99,EUR,1.91,10.99,SALE,APPROVED,SETTLED,NL,2021-05-01
2021-04-14,,,payment_transaction,EU_DIRECT_DEBIT,3802,,,,EUR,,10.99,SALE,APPROVED,,NL,
2021-04-14,2021-04-01,2021-04-30,SUBSCRIPTION,EU_DIRECT_DEBIT,3802,,DD-EUR,10.99,EUR,1.91,10.99,SALE,PENDING,SETTLED,NL,2021-05-01
2021-04-01,,,payment_transaction,EU_DIRECT_DEBIT,3802,,,,EUR,,10.99,SALE,PENDING,,NL,
2021-03-10,2021-03-01,2021-03-31,SUBSCRIPTION,EU_DIRECT_DEBIT,3802,,DD-EUR,10.99,EUR,1.91,10.99,SALE,APPROVED,SETTLED,NL,2021-04-01
2021-03-10,2021-03-01,2021-03-31,SUBSCRIPTION,EU_DIRECT_DEBIT,3802,,DD-EUR,10.99,EUR,1.91,10.99,SALE,PENDING,SETTLED,NL,2021-04-01
2021-03-10,,,payment_transaction,EU_DIRECT_DEBIT,3802,,,,EUR,,10.99,SALE,APPROVED,,NL,
2021-03-01,,,payment_transaction,EU_DIRECT_DEBIT,3802,,,,EUR,,10.99,SALE,PENDING,,NL,
2021-02-10,2021-02-01,2021-02-28,SUBSCRIPTION,EU_DIRECT_DEBIT,3802,,DD-EUR,10.99,EUR,1.91,10.99,SALE,PENDING,SETTLED,NL,2021-03-01
2021-02-10,2021-02-01,2021-02-28,SUBSCRIPTION,EU_DIRECT_DEBIT,3802,,DD-EUR,10.99,EUR,1.91,10.99,SALE,APPROVED,SETTLED,NL,2021-03-01
2021-02-10,,,payment_transaction,EU_DIRECT_DEBIT,3802,,,,EUR,,10.99,SALE,APPROVED,,NL,
2021-02-01,,,payment_transaction,EU_DIRECT_DEBIT,3802,,,,EUR,,10.99,SALE,PENDING,,NL,
2021-01-13,2021-01-01,2021-01-31,SUBSCRIPTION,EU_DIRECT_DEBIT,3802,,DD-EUR,10.99,EUR,1.91,10.99,SALE,PENDING,SETTLED,NL,2021-02-01
2021-01-13,,,payment_transaction,EU_DIRECT_DEBIT,3802,,,,EUR,,10.99,SALE,APPROVED,,NL,
2021-01-13,2021-01-01,2021-01-31,SUBSCRIPTION,EU_DIRECT_DEBIT,3802,,DD-EUR,10.99,EUR,1.91,10.99,SALE,APPROVED,SETTLED,NL,2021-02-01
2021-01-01,,,payment_transaction,EU_DIRECT_DEBIT,3802,,,,EUR,,10.99,SALE,PENDING,,NL,
2020-12-10,,,payment_transaction,EU_DIRECT_DEBIT,3802,,,,EUR,,10.99,SALE,APPROVED,,NL,
2020-12-10,2020-12-01,2020-12-31,SUBSCRIPTION,EU_DIRECT_DEBIT,3802,,DD-EUR,10.99,EUR,1.91,10.99,SALE,APPROVED,SETTLED,NL,2021-01-01
2020-12-10,2020-12-01,2020-12-31,SUBSCRIPTION,EU_DIRECT_DEBIT,3802,,DD-EUR,10.99,EUR,1.91,10.99,SALE,PENDING,SETTLED,NL,2021-01-01
2020-12-01,,,payment_transaction,EU_DIRECT_DEBIT,3802,,,,EUR,,10.99,SALE,PENDING,,NL,
2020-11-11,2020-11-01,2020-11-30,SUBSCRIPTION,EU_DIRECT_DEBIT,3802,,DD-EUR,10.99,EUR,1.91,10.99,SALE,APPROVED,SETTLED,NL,2020-12-01
2020-11-11,2020-11-01,2020-11-30,SUBSCRIPTION,EU_DIRECT_DEBIT,3802,,DD-EUR,10.99,EUR,1.91,10.99,SALE,PENDING,SETTLED,NL,2020-12-01
2020-11-11,,,payment_transaction,EU_DIRECT_DEBIT,3802,,,,EUR,,10.99,SALE,APPROVED,,NL,
2020-11-01,,,payment_transaction,EU_DIRECT_DEBIT,3802,,,,EUR,,10.99,SALE,PENDING,,NL,
2020-10-12,2020-10-01,2020-10-31,SUBSCRIPTION,EU_DIRECT_DEBIT,3802,,DD-EUR,10.99,EUR,1.91,10.99,SALE,PENDING,SETTLED,NL,2020-11-01
2020-10-12,,,payment_transaction,EU_DIRECT_DEBIT,3802,,,,EUR,,10.99,SALE,APPROVED,,NL,
2020-10-12,2020-10-01,2020-10-31,SUBSCRIPTION,EU_DIRECT_DEBIT,3802,,DD-EUR,10.99,EUR,1.91,10.99,SALE,APPROVED,SETTLED,NL,2020-11-01
2020-10-01,,,payment_transaction,EU_DIRECT_DEBIT,3802,,,,EUR,,10.99,SALE,PENDING,,NL,
2020-09-10,2020-09-01,2020-09-30,SUBSCRIPTION,EU_DIRECT_DEBIT,3802,,DD-EUR,10.99,EUR,1.91,10.99,SALE,PENDING,SETTLED,NL,2020-10-01
2020-09-10,2020-09-01,2020-09-30,SUBSCRIPTION,EU_DIRECT_DEBIT,3802,,DD-EUR,10.99,EUR,1.91,10.99,SALE,APPROVED,SETTLED,NL,2020-10-01
2020-09-10,,,payment_transaction,EU_DIRECT_DEBIT,3802,,,,EUR,,10.99,SALE,APPROVED,,NL,
2020-09-01,,,payment_transaction,EU_DIRECT_DEBIT,3802,,,,EUR,,10.99,SALE,PENDING,,NL,
2020-08-12,2020-08-01,2020-08-31,SUBSCRIPTION,EU_DIRECT_DEBIT,3802,,DD-EUR,10.99,EUR,1.91,10.99,SALE,PENDING,SETTLED,NL,2020-09-01
2020-08-12,,,payment_transaction,EU_DIRECT_DEBIT,3802,,,,EUR,,10.99,SALE,APPROVED,,NL,
2020-08-12,2020-08-01,2020-08-31,SUBSCRIPTION,EU_DIRECT_DEBIT,3802,,DD-EUR,10.99,EUR,1.91,10.99,SALE,APPROVED,SETTLED,NL,2020-09-01
2020-08-01,,,payment_transaction,EU_DIRECT_DEBIT,3802,,,,EUR,,10.99,SALE,PENDING,,NL,
2020-07-10,,,payment_transaction,EU_DIRECT_DEBIT,3802,,,,EUR,,10.99,SALE,APPROVED,,NL,
2020-07-10,2020-07-01,2020-07-31,SUBSCRIPTION,EU_DIRECT_DEBIT,3802,,DD-EUR,10.99,EUR,1.91,10.99,SALE,APPROVED,SETTLED,NL,2020-08-01
2020-07-10,2020-07-01,2020-07-31,SUBSCRIPTION,EU_DIRECT_DEBIT,3802,,DD-EUR,10.99,EUR,1.91,10.99,SALE,PENDING,SETTLED,NL,2020-08-01
2020-07-01,,,payment_transaction,EU_DIRECT_DEBIT,3802,,,,EUR,,10.99,SALE,PENDING,,NL,
2020-06-11,2020-06-01,2020-06-30,SUBSCRIPTION,EU_DIRECT_DEBIT,3802,,DD-EUR,10.99,EUR,1.91,10.99,SALE,PENDING,SETTLED,NL,2020-07-01
2020-06-11,,,payment_transaction,EU_DIRECT_DEBIT,3802,,,,EUR,,10.99,SALE,APPROVED,,NL,
2020-06-11,2020-06-01,2020-06-30,SUBSCRIPTION,EU_DIRECT_DEBIT,3802,,DD-EUR,10.99,EUR,1.91,10.99,SALE,APPROVED,SETTLED,NL,2020-07-01
2020-06-01,,,payment_transaction,EU_DIRECT_DEBIT,3802,,,,EUR,,10.99,SALE,PENDING,,NL,
2020-05-13,2020-05-01,2020-05-31,SUBSCRIPTION,EU_DIRECT_DEBIT,3802,,DD-EUR,10.99,EUR,1.91,10.99,SALE,APPROVED,SETTLED,NL,2020-06-01
2020-05-13,2020-05-01,2020-05-31,SUBSCRIPTION,EU_DIRECT_DEBIT,3802,,DD-EUR,10.99,EUR,1.91,10.99,SALE,PENDING,SETTLED,NL,2020-06-01
2020-05-13,,,payment_transaction,EU_DIRECT_DEBIT,3802,,,,EUR,,10.99,SALE,APPROVED,,NL,
2020-05-01,,,payment_transaction,EU_DIRECT_DEBIT,3802,,,,EUR,,10.99,SALE,PENDING,,NL,
2020-04-14,,,payment_transaction,EU_DIRECT_DEBIT,3802,,,,EUR,,10.99,SALE,APPROVED,,NL,
2020-04-14,2020-04-01,2020-04-30,SUBSCRIPTION,EU_DIRECT_DEBIT,3802,,DD-EUR,10.99,EUR,1.91,10.99,SALE,APPROVED,SETTLED,NL,2020-05-01
2020-04-14,2020-04-01,2020-04-30,SUBSCRIPTION,EU_DIRECT_DEBIT,3802,,DD-EUR,10.99,EUR,1.91,10.99,SALE,PENDING,SETTLED,NL,2020-05-01
2020-04-01,,,payment_transaction,EU_DIRECT_DEBIT,3802,,,,EUR,,10.99,SALE,PENDING,,NL,
2020-03-11,2020-03-01,2020-03-31,SUBSCRIPTION,EU_DIRECT_DEBIT,3802,,DD-EUR,10.99,EUR,1.91,10.99,SALE,PENDING,SETTLED,NL,2020-04-01
2020-03-11,2020-03-01,2020-03-31,SUBSCRIPTION,EU_DIRECT_DEBIT,3802,,DD-EUR,10.99,EUR,1.91,10.99,SALE,APPROVED,SETTLED,NL,2020-04-01
2020-03-11,,,payment_transaction,EU_DIRECT_DEBIT,3802,,,,EUR,,10.99,SALE,APPROVED,,NL,
2020-03-01,,,payment_transaction,EU_DIRECT_DEBIT,3802,,,,EUR,,10.99,SALE,PENDING,,NL,
2020-02-12,2020-02-01,2020-02-29,SUBSCRIPTION,EU_DIRECT_DEBIT,3802,,DD-EUR,10.99,EUR,1.91,10.99,SALE,APPROVED,SETTLED,NL,2020-03-01
2020-02-12,2020-02-01,2020-02-29,SUBSCRIPTION,EU_DIRECT_DEBIT,3802,,DD-EUR,10.99,EUR,1.91,10.99,SALE,PENDING,SETTLED,NL,2020-03-01
2020-02-12,,,payment_transaction,EU_DIRECT_DEBIT,3802,,,,EUR,,10.99,SALE,APPROVED,,NL,
2020-02-01,,,payment_transaction,EU_DIRECT_DEBIT,3802,,,,EUR,,10.99,SALE,PENDING,,NL,
2020-01-13,2020-01-01,2020-01-31,SUBSCRIPTION,EU_DIRECT_DEBIT,3802,,DD-EUR,10.99,EUR,1.91,10.99,SALE,PENDING,SETTLED,NL,2020-02-01
2020-01-13,2020-01-01,2020-01-31,SUBSCRIPTION,EU_DIRECT_DEBIT,3802,,DD-EUR,10.99,EUR,1.91,10.99,SALE,APPROVED,SETTLED,NL,2020-02-01
2020-01-13,,,payment_transaction,EU_DIRECT_DEBIT,3802,,,,EUR,,10.99,SALE,APPROVED,,NL,
2020-01-01,,,payment_transaction,EU_DIRECT_DEBIT,3802,,,,EUR,,10.99,SALE,PENDING,,NL,
2019-12-11,2019-12-01,2019-12-31,SUBSCRIPTION,EU_DIRECT_DEBIT,3802,,DD-EUR,10.99,EUR,1.91,10.99,SALE,APPROVED,SETTLED,NL,2020-01-01
2019-12-11,2019-12-01,2019-12-31,SUBSCRIPTION,EU_DIRECT_DEBIT,3802,,DD-EUR,10.99,EUR,1.91,10.99,SALE,PENDING,SETTLED,NL,2020-01-01
2019-12-11,,,payment_transaction,EU_DIRECT_DEBIT,3802,,,,EUR,,10.99,SALE,APPROVED,,NL,
2019-12-01,,,payment_transaction,EU_DIRECT_DEBIT,3802,,,,EUR,,10.99,SALE,PENDING,,NL,
2019-11-12,2019-11-01,2019-11-30,SUBSCRIPTION,EU_DIRECT_DEBIT,3802,,DD-EUR,10.99,EUR,1.91,10.99,SALE,APPROVED,SETTLED,NL,2019-12-01
2019-11-12,,,payment_transaction,EU_DIRECT_DEBIT,3802,,,,EUR,,10.99,SALE,APPROVED,,NL,
2019-11-12,2019-11-01,2019-11-30,SUBSCRIPTION,EU_DIRECT_DEBIT,3802,,DD-EUR,10.99,EUR,1.91,10.99,SALE,PENDING,SETTLED,NL,2019-12-01
2019-11-01,,,payment_transaction,EU_DIRECT_DEBIT,3802,,,,EUR,,10.99,SALE,PENDING,,NL,
2019-10-10,2019-10-01,2019-10-31,SUBSCRIPTION,EU_DIRECT_DEBIT,3802,,DD-EUR,10.99,EUR,1.91,10.99,SALE,APPROVED,SETTLED,NL,2019-11-01
2019-10-10,,,payment_transaction,EU_DIRECT_DEBIT,3802,,,,EUR,,10.99,SALE,APPROVED,,NL,
2019-10-10,2019-10-01,2019-10-31,SUBSCRIPTION,EU_DIRECT_DEBIT,3802,,DD-EUR,10.99,EUR,1.91,10.99,SALE,PENDING,SETTLED,NL,2019-11-01
2019-10-01,,,payment_transaction,EU_DIRECT_DEBIT,3802,,,,EUR,,10.99,SALE,PENDING,,NL,
2019-09-11,2019-09-01,2019-09-30,SUBSCRIPTION,EU_DIRECT_DEBIT,3802,,DD-EUR,10.99,EUR,1.91,10.99,SALE,PENDING,SETTLED,NL,2019-10-01
2019-09-11,2019-09-01,2019-09-30,SUBSCRIPTION,EU_DIRECT_DEBIT,3802,,DD-EUR,10.99,EUR,1.91,10.99,SALE,APPROVED,SETTLED,NL,2019-10-01
2019-09-11,,,payment_transaction,EU_DIRECT_DEBIT,3802,,,,EUR,,10.99,SALE,APPROVED,,NL,
2019-09-01,,,payment_transaction,EU_DIRECT_DEBIT,3802,,,,EUR,,10.99,SALE,PENDING,,NL,
2019-08-12,,,payment_transaction,EU_DIRECT_DEBIT,3802,,,,EUR,,10.99,SALE,APPROVED,,NL,
2019-08-12,2019-08-01,2019-08-31,SUBSCRIPTION,EU_DIRECT_DEBIT,3802,,DD-EUR,10.99,EUR,1.91,10.99,SALE,PENDING,SETTLED,NL,2019-09-01
2019-08-12,2019-08-01,2019-08-31,SUBSCRIPTION,EU_DIRECT_DEBIT,3802,,DD-EUR,10.99,EUR,1.91,10.99,SALE,APPROVED,SETTLED,NL,2019-09-01
2019-08-01,,,payment_transaction,EU_DIRECT_DEBIT,3802,,,,EUR,,10.99,SALE,PENDING,,NL,
2019-07-11,2019-07-01,2019-07-31,SUBSCRIPTION,EU_DIRECT_DEBIT,3802,,DD-EUR,10.99,EUR,1.91,10.99,SALE,PENDING,SETTLED,NL,2019-08-01
2019-07-11,,,payment_transaction,EU_DIRECT_DEBIT,3802,,,,EUR,,10.99,SALE,APPROVED,,NL,
2019-07-11,2019-07-01,2019-07-31,SUBSCRIPTION,EU_DIRECT_DEBIT,3802,,DD-EUR,10.99,EUR,1.91,10.99,SALE,APPROVED,SETTLED,NL,2019-08-01
2019-07-10,,,payment_transaction,EU_DIRECT_DEBIT,3802,,,,EUR,,10.99,SALE,PENDING,,NL,
2019-07-08,,,payment_transaction,EU_DIRECT_DEBIT,3802,,,,EUR,,10.99,SALE,PENDING,,NL,
2019-07-07,,,payment_transaction,EU_DIRECT_DEBIT,3802,,,,EUR,,10.99,SALE,PENDING,,NL,
2019-07-06,,,payment_transaction,EU_DIRECT_DEBIT,3802,,,,EUR,,10.99,SALE,PENDING,,NL,
2019-07-05,,,payment_transaction,EU_DIRECT_DEBIT,3802,,,,EUR,,10.99,SALE,PENDING,,NL,
2019-07-03,,,payment_transaction,EU_DIRECT_DEBIT,3802,,,,EUR,,10.99,SALE,PENDING,,NL,
2019-07-02,,,payment_transaction,EU_DIRECT_DEBIT,3802,,,,EUR,,10.99,SALE,PENDING,,NL,
2019-07-01,,,payment_transaction,EU_DIRECT_DEBIT,3802,,,,EUR,,10.99,SALE,PENDING,,NL,
2019-06-13,,,payment_transaction,EU_DIRECT_DEBIT,3802,,,,EUR,,10.99,SALE,APPROVED,,NL,
2019-06-13,2019-06-01,2019-06-30,SUBSCRIPTION,EU_DIRECT_DEBIT,3802,,DD-EUR,10.99,EUR,1.91,10.99,SALE,PENDING,SETTLED,NL,2019-07-01
2019-06-13,2019-06-01,2019-06-30,SUBSCRIPTION,EU_DIRECT_DEBIT,3802,,DD-EUR,10.99,EUR,1.91,10.99,SALE,APPROVED,SETTLED,NL,2019-07-01
2019-06-01,,,payment_transaction,EU_DIRECT_DEBIT,3802,,,,EUR,,10.99,SALE,PENDING,,NL,
2019-05-13,,,payment_transaction,EU_DIRECT_DEBIT,3802,,,,EUR,,10.99,SALE,APPROVED,,NL,
2019-05-13,2019-05-01,2019-05-31,SUBSCRIPTION,EU_DIRECT_DEBIT,3802,,DD-EUR,10.99,EUR,1.91,10.99,SALE,APPROVED,SETTLED,NL,2019-06-01
2019-05-13,2019-05-01,2019-05-31,SUBSCRIPTION,EU_DIRECT_DEBIT,3802,,DD-EUR,10.99,EUR,1.91,10.99,SALE,PENDING,SETTLED,NL,2019-06-01
2019-05-01,,,payment_transaction,EU_DIRECT_DEBIT,3802,,,,EUR,,10.99,SALE,PENDING,,NL,
2019-04-11,2019-04-01,2019-04-30,SUBSCRIPTION,EU_DIRECT_DEBIT,3802,,DD-EUR,10.99,EUR,1.91,10.99,SALE,APPROVED,SETTLED,NL,2019-05-01
2019-04-11,2019-04-01,2019-04-30,SUBSCRIPTION,EU_DIRECT_DEBIT,3802,,DD-EUR,10.99,EUR,1.91,10.99,SALE,PENDING,SETTLED,NL,2019-05-01
2019-04-11,,,payment_transaction,EU_DIRECT_DEBIT,,,,,EUR,,10.99,SALE,APPROVED,,NL,
2019-04-01,,,payment_transaction,EU_DIRECT_DEBIT,,,,,EUR,,10.99,SALE,PENDING,,NL,
2019-03-13,2019-03-01,2019-03-31,SUBSCRIPTION,EU_DIRECT_DEBIT,3802,,DD-EUR,10.99,EUR,1.91,10.99,SALE,APPROVED,SETTLED,NL,2019-04-01
2019-03-13,,,payment_transaction,EU_DIRECT_DEBIT,,,,,EUR,,10.99,SALE,APPROVED,,NL,
2019-03-13,2019-03-01,2019-03-31,SUBSCRIPTION,EU_DIRECT_DEBIT,3802,,DD-EUR,10.99,EUR,1.91,10.99,SALE,PENDING,SETTLED,NL,2019-04-01
2019-03-01,,,payment_transaction,EU_DIRECT_DEBIT,,,,,EUR,,10.99,SALE,PENDING,,NL,
2019-02-13,2019-02-01,2019-02-28,SUBSCRIPTION,EU_DIRECT_DEBIT,3802,,DD-EUR,10.99,EUR,1.91,10.99,SALE,APPROVED,SETTLED,NL,2019-03-01
2019-02-13,2019-02-01,2019-02-28,SUBSCRIPTION,EU_DIRECT_DEBIT,3802,,DD-EUR,10.99,EUR,1.91,10.99,SALE,PENDING,SETTLED,NL,2019-03-01
2019-02-13,,,payment_transaction,EU_DIRECT_DEBIT,,,,,EUR,,10.99,SALE,APPROVED,,NL,
2019-02-01,,,payment_transaction,EU_DIRECT_DEBIT,,,,,EUR,,10.99,SALE,PENDING,,NL,
2019-01-11,2019-01-01,2019-01-31,SUBSCRIPTION,EU_DIRECT_DEBIT,3802,,DD-EUR,10.99,EUR,1.91,10.99,SALE,PENDING,SETTLED,NL,2019-02-01
2019-01-11,2019-01-01,2019-01-31,SUBSCRIPTION,EU_DIRECT_DEBIT,3802,,DD-EUR,10.99,EUR,1.91,10.99,SALE,APPROVED,SETTLED,NL,2019-02-01
2019-01-11,,,payment_transaction,EU_DIRECT_DEBIT,,,,,EUR,,10.99,SALE,APPROVED,,NL,
2019-01-01,,,payment_transaction,EU_DIRECT_DEBIT,,,,,EUR,,10.99,SALE,PENDING,,NL,
2018-12-12,,,payment_transaction,EU_DIRECT_DEBIT,,,,,EUR,,10.99,SALE,APPROVED,,NL,
2018-12-12,2018-12-01,2018-12-31,SUBSCRIPTION,EU_DIRECT_DEBIT,3802,,DD-EUR,10.99,EUR,1.91,10.99,SALE,APPROVED,SETTLED,NL,2019-01-01
2018-12-12,2018-12-01,2018-12-31,SUBSCRIPTION,EU_DIRECT_DEBIT,3802,,DD-EUR,10.99,EUR,1.91,10.99,SALE,PENDING,SETTLED,NL,2019-01-01
2018-12-01,,,payment_transaction,EU_DIRECT_DEBIT,,,,,EUR,,10.99,SALE,PENDING,,NL,
2018-11-13,2018-11-01,2018-11-30,SUBSCRIPTION,EU_DIRECT_DEBIT,3802,,DD-EUR,10.99,EUR,1.91,10.99,SALE,APPROVED,SETTLED,NL,2018-12-01
2018-11-13,,,payment_transaction,EU_DIRECT_DEBIT,,,,,EUR,,10.99,SALE,APPROVED,,NL,
2018-11-13,2018-11-01,2018-11-30,SUBSCRIPTION,EU_DIRECT_DEBIT,3802,,DD-EUR,10.99,EUR,1.91,10.99,SALE,PENDING,SETTLED,NL,2018-12-01
2018-11-01,,,payment_transaction,EU_DIRECT_DEBIT,,,,,EUR,,10.99,SALE,PENDING,,NL,
2018-10-11,2018-10-01,2018-10-31,SUBSCRIPTION,EU_DIRECT_DEBIT,3802,,DD-EUR,10.99,EUR,1.91,10.99,SALE,PENDING,SETTLED,NL,2018-11-01
2018-10-11,,,payment_transaction,EU_DIRECT_DEBIT,,,,,EUR,,10.99,SALE,APPROVED,,NL,
2018-10-11,2018-10-01,2018-10-31,SUBSCRIPTION,EU_DIRECT_DEBIT,3802,,DD-EUR,10.99,EUR,1.91,10.99,SALE,APPROVED,SETTLED,NL,2018-11-01
2018-10-01,,,payment_transaction,EU_DIRECT_DEBIT,,,,,EUR,,10.99,SALE,PENDING,,NL,
2018-09-12,2018-09-01,2018-09-30,SUBSCRIPTION,EU_DIRECT_DEBIT,3802,,DD-EUR,10.99,EUR,1.91,10.99,SALE,PENDING,SETTLED,NL,2018-10-01
2018-09-12,,,payment_transaction,EU_DIRECT_DEBIT,,,,,EUR,,10.99,SALE,APPROVED,,NL,
2018-09-12,2018-09-01,2018-09-30,SUBSCRIPTION,EU_DIRECT_DEBIT,3802,,DD-EUR,10.99,EUR,1.91,10.99,SALE,APPROVED,SETTLED,NL,2018-10-01
2018-09-01,,,payment_transaction,EU_DIRECT_DEBIT,,,,,EUR,,10.99,SALE,PENDING,,NL,
2018-08-13,2018-08-01,2018-08-31,SUBSCRIPTION,EU_DIRECT_DEBIT,3802,,DD-EUR,10.99,EUR,1.91,10.99,SALE,PENDING,SETTLED,NL,2018-09-01
2018-08-13,,,payment_transaction,EU_DIRECT_DEBIT,,,,,EUR,,10.99,SALE,APPROVED,,NL,
2018-08-13,2018-08-01,2018-08-31,SUBSCRIPTION,EU_DIRECT_DEBIT,3802,,DD-EUR,10.99,EUR,1.91,10.99,SALE,APPROVED,SETTLED,NL,2018-09-01
2018-08-01,,,payment_transaction,EU_DIRECT_DEBIT,,,,,EUR,,10.99,SALE,PENDING,,NL,
2018-07-12,2018-07-01,2018-07-31,SUBSCRIPTION,EU_DIRECT_DEBIT,3802,,DD-EUR,10.99,EUR,1.91,10.99,SALE,PENDING,SETTLED,NL,2018-08-01
2018-07-12,2018-07-01,2018-07-31,SUBSCRIPTION,EU_DIRECT_DEBIT,3802,,DD-EUR,10.99,EUR,1.91,10.99,SALE,APPROVED,SETTLED,NL,2018-08-01
2018-07-12,,,payment_transaction,EU_DIRECT_DEBIT,,,,,EUR,,10.99,SALE,APPROVED,,NL,
2018-07-01,,,payment_transaction,EU_DIRECT_DEBIT,,,,,EUR,,10.99,SALE,PENDING,,NL,
2018-06-13,2018-06-01,2018-06-30,SUBSCRIPTION,EU_DIRECT_DEBIT,3802,,DD-EUR,10.99,EUR,1.91,10.99,SALE,APPROVED,SETTLED,NL,2018-07-01
2018-06-13,,,payment_transaction,EU_DIRECT_DEBIT,,,,,EUR,,10.99,SALE,APPROVED,,NL,
2018-06-13,2018-06-01,2018-06-30,SUBSCRIPTION,EU_DIRECT_DEBIT,3802,,DD-EUR,10.99,EUR,1.91,10.99,SALE,PENDING,SETTLED,NL,2018-07-01
2018-06-01,,,payment_transaction,EU_DIRECT_DEBIT,,,,,EUR,,10.99,SALE,PENDING,,NL,
2018-05-15,2018-05-01,2018-05-31,SUBSCRIPTION,EU_DIRECT_DEBIT,3802,,DD-EUR,10.99,EUR,1.91,10.99,SALE,APPROVED,SETTLED,NL,2018-06-01
2018-05-15,2018-05-01,2018-05-31,SUBSCRIPTION,EU_DIRECT_DEBIT,3802,,DD-EUR,10.99,EUR,1.91,10.99,SALE,PENDING,SETTLED,NL,2018-06-01
2018-05-15,,,payment_transaction,EU_DIRECT_DEBIT,,,,,EUR,,10.99,SALE,APPROVED,,NL,
2018-05-01,,,payment_transaction,EU_DIRECT_DEBIT,,,,,EUR,,10.99,SALE,PENDING,,NL,
2018-04-12,2018-04-01,2018-04-30,SUBSCRIPTION,EU_DIRECT_DEBIT,3802,,DD-EUR,10.99,EUR,1.91,10.99,SALE,APPROVED,SETTLED,NL,2018-05-01
2018-04-12,2018-04-01,2018-04-30,SUBSCRIPTION,EU_DIRECT_DEBIT,3802,,DD-EUR,10.99,EUR,1.91,10.99,SALE,PENDING,SETTLED,NL,2018-05-01
2018-04-12,,,payment_transaction,EU_DIRECT_DEBIT,,,,,EUR,,10.99,SALE,APPROVED,,NL,
2018-04-01,,,payment_transaction,EU_DIRECT_DEBIT,,,,,EUR,,10.99,SALE,PENDING,,NL,
2018-03-14,,,payment_transaction,EU_DIRECT_DEBIT,,,,,EUR,,10.99,SALE,APPROVED,,NL,
2018-03-14,2018-03-01,2018-03-31,SUBSCRIPTION,EU_DIRECT_DEBIT,3802,,DD-EUR,10.99,EUR,1.91,10.99,SALE,APPROVED,SETTLED,NL,2018-04-01
2018-03-14,2018-03-01,2018-03-31,SUBSCRIPTION,EU_DIRECT_DEBIT,3802,,DD-EUR,10.99,EUR,1.91,10.99,SALE,PENDING,SETTLED,NL,2018-04-01
2018-03-01,,,payment_transaction,EU_DIRECT_DEBIT,,,,,EUR,,10.99,SALE,PENDING,,NL,
2018-02-13,2018-02-01,2018-02-28,SUBSCRIPTION,EU_DIRECT_DEBIT,3802,,DD-EUR,10.99,EUR,1.91,10.99,SALE,APPROVED,SETTLED,NL,2018-03-01
2018-02-13,2018-02-01,2018-02-28,SUBSCRIPTION,EU_DIRECT_DEBIT,3802,,DD-EUR,10.99,EUR,1.91,10.99,SALE,PENDING,SETTLED,NL,2018-03-01
2018-02-13,,,payment_transaction,EU_DIRECT_DEBIT,,,,,EUR,,10.99,SALE,APPROVED,,NL,
2018-02-01,,,payment_transaction,EU_DIRECT_DEBIT,,,,,EUR,,10.99,SALE,PENDING,,NL,
2018-01-11,2018-01-01,2018-01-31,SUBSCRIPTION,EU_DIRECT_DEBIT,3802,,DD-EUR,10.99,EUR,1.91,10.99,SALE,PENDING,SETTLED,NL,2018-02-01
2018-01-11,,,payment_transaction,EU_DIRECT_DEBIT,,,,,EUR,,10.99,SALE,APPROVED,,NL,
2018-01-11,2018-01-01,2018-01-31,SUBSCRIPTION,EU_DIRECT_DEBIT,3802,,DD-EUR,10.99,EUR,1.91,10.99,SALE,APPROVED,SETTLED,NL,2018-02-01
2018-01-01,,,payment_transaction,EU_DIRECT_DEBIT,,,,,EUR,,10.99,SALE,PENDING,,NL,
2017-12-13,,,payment_transaction,EU_DIRECT_DEBIT,,,,,EUR,,10.99,SALE,APPROVED,,NL,
2017-12-13,2017-12-01,2017-12-31,SUBSCRIPTION,EU_DIRECT_DEBIT,3802,,DD-EUR,10.99,EUR,1.91,10.99,SALE,PENDING,SETTLED,NL,2018-01-01
2017-12-13,2017-12-01,2017-12-31,SUBSCRIPTION,EU_DIRECT_DEBIT,3802,,DD-EUR,10.99,EUR,1.91,10.99,SALE,APPROVED,SETTLED,NL,2018-01-01
2017-12-01,,,payment_transaction,EU_DIRECT_DEBIT,,,,,EUR,,10.99,SALE,PENDING,,NL,
2017-11-13,2017-11-01,2017-11-30,SUBSCRIPTION,EU_DIRECT_DEBIT,3802,,DD-EUR,9.99,EUR,1.73,9.99,SALE,APPROVED,SETTLED,NL,2017-12-01
2017-11-13,2017-11-01,2017-11-30,SUBSCRIPTION,EU_DIRECT_DEBIT,3802,,DD-EUR,9.99,EUR,1.73,9.99,SALE,PENDING,SETTLED,NL,2017-12-01
2017-11-13,,,payment_transaction,EU_DIRECT_DEBIT,,,,,EUR,,9.99,SALE,APPROVED,,NL,
2017-11-01,,,payment_transaction,EU_DIRECT_DEBIT,,,,,EUR,,9.99,SALE,PENDING,,NL,
2017-10-12,2017-10-01,2017-10-31,SUBSCRIPTION,EU_DIRECT_DEBIT,3802,,DD-EUR,9.99,EUR,1.73,9.99,SALE,PENDING,SETTLED,NL,2017-11-01
2017-10-12,,,payment_transaction,EU_DIRECT_DEBIT,,,,,EUR,,9.99,SALE,APPROVED,,NL,
2017-10-12,2017-10-01,2017-10-31,SUBSCRIPTION,EU_DIRECT_DEBIT,3802,,DD-EUR,9.99,EUR,1.73,9.99,SALE,APPROVED,SETTLED,NL,2017-11-01
2017-10-01,,,payment_transaction,EU_DIRECT_DEBIT,,,,,EUR,,9.99,SALE,PENDING,,NL,
