Esn,Country,Region Code,Device Description,Ip,Ts
NFCDCH-02-J1WTGFDVD02JGDNJKCC7EMKL9EP9TN,NL,NH,Chrome - Windows,83.163.210.200,2022-03-01 18:29:21
NFCDCH-02-J1ZLT59FR4WGVM1QL12Y0NY55EXA4P,NL,NH,Chrome - Windows,2a02:a210:20c7:dd00:88f3:93b8:545b:d1a7,2022-03-02 20:10:16
NFCDCH-02-HV97C4163PR799QNCMGG8YXJU8WR50,NL,NH,Chrome - Windows,2a02:a210:2504:8380:d83d:6619:1741:7a49,2021-12-11 12:45:26
NFCDCH-02-HY63NEVPE9D7LD4NNVA7FRWF2M6FMY,NL,NB,Chrome - Windows,2a02:a455:63bb:1:b863:9df0:e367:fdfb,2022-01-15 18:13:55
NFCDCH-02-J9DEUWUCER2HXTQ9PNXP5Q8R79NWT9,NL,NH,Chrome - Windows,2a02:a210:2504:8380:9b8:7f3a:8ba9:1c26,2022-05-31 15:42:23
NFCDCH-MC-JCYQMGV3E7XTEDR5PJV2A9VNFH4RYP,NL,UT,Chrome - OS X,2a02:a210:2543:8e80:4ba:25e:1adf:c940,2022-07-01 20:52:33
