Profile Name,Icons
user3,"[""AVATAR|e15e7f60-9389-11e9-a153-0afb182e9800|en|NL|70264888"", ""AVATAR|bed93290-6621-11e9-9934-0e82bbd91178|en|NL|80991329"", ""AVATAR|a646f110-6d27-11e9-a5e8-0a01408ed2ba|en|NL|80117809"", ""AVATAR|e15ea671-9389-11e9-a153-0afb182e9800|en|NL|70264888"", ""AVATAR|2b19b610-6621-11e9-a5e8-0a01408ed2ba|en|NL|80178943"", ""icon17""]"
user1,"[""AVATAR|42f7c120-55b7-11e9-97ef-12b7d01645d4|en|NL|80049832"", ""icon13""]"
user2,"[""AVATAR|81c4b652-65c7-11e8-8610-0e2461de42ac|en|NL|80063599"", ""icon19""]"
user4,"[""AVATAR|f4e43e90-6071-11e8-ba44-1287faf31054|en|NL|80075820"", ""AVATAR|2b1437d0-6621-11e9-a5e8-0a01408ed2ba|en|NL|80178943"", ""icon16""]"
niek,"[""AVATAR|fb910020-11cb-11ec-94ec-0ee6d9a4fe69|en|NL|81424207"", ""AVATAR|81c48f40-65c7-11e8-8610-0e2461de42ac|en|NL|80063599"", ""AVATAR|2b1a0430-6621-11e9-a5e8-0a01408ed2ba|en|NL|80178943"", ""AVATAR|d2aa76a2-53ab-11e8-9b92-0e371416d380|en|NL|80051137"", ""AVATAR|0e429ec0-766d-11e8-a4c6-12c06b503b8e|en|NL|80119234"", ""AVATAR|2b198f00-6621-11e9-a5e8-0a01408ed2ba|en|NL|80178943"", ""icon18""]"
