"Profile Name","Email Address","Profile Creation Time","Maturity Level","Primary Lang","Has Auto Playback","Max Stream Quality","Profile Lock Enabled","Profile Transferred","Profile Transfer Time"
"niek","","2013-11-22T05:07:31Z","1000000","nl-NL","true","UNSPECIFIED","false","",""
"user4","","2013-11-22T05:07:04Z","1000000","nl-NL","true","UNSPECIFIED","false","",""
"user2","","2013-11-22T05:05:49Z","1000000","nl-NL","true","UNSPECIFIED","false","",""
"user1","","2013-11-22T05:05:36Z","1000000","nl-NL","true","UNSPECIFIED","false","",""
"user3","","2013-09-13T11:01:37Z","1000000","nl-NL","true","UNSPECIFIED","false","",""
