Profile Name,Title Desc,Selection Type,Choice Segment Id,Has Watched,Source,Utc Timestamp
niek,"Minecraft: Story Mode: Season 1: ""A Block and a Hard Place""",countdown_complete,Zijn dat Endkristallen?,false,tvui,2022-05-12 13:04:27
niek,"Minecraft: Story Mode: Season 1: ""A Block and a Hard Place""",countdown_complete,Hendel,false,tvui,2022-05-12 13:01:36
niek,"Minecraft: Story Mode: Season 1: ""A Block and a Hard Place""",countdown_complete,,false,tvui,2022-05-12 13:01:01
niek,"Minecraft: Story Mode: Season 1: ""A Block and a Hard Place""",countdown_complete,Werkbank,false,tvui,2022-05-12 13:00:12
niek,"Minecraft: Story Mode: Season 1: ""A Block and a Hard Place""",countdown_complete,Kist,false,tvui,2022-05-12 12:59:30
niek,"Minecraft: Story Mode: Season 1: ""A Block and a Hard Place""",countdown_interrupted,Je bent bang.,false,tvui,2022-05-12 12:58:12
niek,"Minecraft: Story Mode: Season 1: ""A Block and a Hard Place""",countdown_interrupted,Maak kleefzuiger,false,tvui,2022-05-12 12:56:36
niek,"Minecraft: Story Mode: Season 1: ""A Block and a Hard Place""",countdown_complete,De Orde is herenigd.,false,tvui,2022-05-12 12:55:44
niek,"Minecraft: Story Mode: Season 1: ""A Block and a Hard Place""",countdown_interrupted,We moeten verder.,false,tvui,2022-05-12 12:53:51
niek,"Minecraft: Story Mode: Season 1: ""A Block and a Hard Place""",countdown_interrupted,Kom mee naar binnen.,false,tvui,2022-05-12 12:50:44
niek,"Minecraft: Story Mode: Season 1: ""A Block and a Hard Place""",countdown_complete,Ik heb geen idee.,false,tvui,2022-05-12 12:47:41
niek,"Minecraft: Story Mode: Season 1: ""A Block and a Hard Place""",countdown_interrupted,We hebben de taart nodig.,false,tvui,2022-05-12 12:46:25
niek,"Minecraft: Story Mode: Season 1: ""A Block and a Hard Place""",countdown_complete,Zijn we er al?,false,tvui,2022-05-12 12:43:51
niek,"Minecraft: Story Mode: Season 1: ""A Block and a Hard Place""",countdown_interrupted,Gebruik de amulet.,false,tvui,2022-05-12 12:40:12
niek,"Minecraft: Story Mode: Season 1: ""A Block and a Hard Place""",countdown_complete,"We zijn nodig, Reuben.",false,tvui,2022-05-12 12:38:07
niek,"Minecraft: Story Mode: Season 1: ""A Block and a Hard Place""",countdown_interrupted,Misschien leven ze nog.,false,tvui,2022-05-12 12:36:40
niek,"Minecraft: Story Mode: Season 1: ""A Block and a Hard Place""",countdown_interrupted,Je wist het niet.,false,tvui,2022-05-12 12:34:12
niek,"Minecraft: Story Mode: Season 1: ""A Block and a Hard Place""",countdown_interrupted,Praat met Petra,false,tvui,2022-05-12 12:33:38
niek,"Minecraft: Story Mode: Season 1: ""A Block and a Hard Place""",countdown_interrupted,Hij is iedereen vergeten.,false,tvui,2022-05-12 12:32:56
niek,"Minecraft: Story Mode: Season 1: ""A Block and a Hard Place""",countdown_interrupted,Ik neem Gabriel wel.,false,tvui,2022-05-12 12:30:08
niek,Headspace: Unwind Your Mind,countdown_interrupted,,false,iOS,2021-09-17 06:15:25
niek,Headspace: Unwind Your Mind,countdown_interrupted,,false,iOS,2021-09-17 06:14:55
niek,Unbreakable Kimmy Schmidt: Kimmy vs. the Reverend,countdown_interrupted,KIJK OPNIEUW,true,iOS,2020-09-10 07:34:25
niek,Unbreakable Kimmy Schmidt: Kimmy vs. the Reverend,countdown_interrupted,,true,iOS,2020-09-10 07:31:42
niek,Unbreakable Kimmy Schmidt: Kimmy vs. the Reverend,countdown_interrupted,VOLG KIMMY,false,iOS,2020-09-10 07:27:47
niek,Unbreakable Kimmy Schmidt: Kimmy vs. the Reverend,countdown_interrupted,"NEE, BEDANKT",false,iOS,2020-09-10 07:25:32
niek,Unbreakable Kimmy Schmidt: Kimmy vs. the Reverend,countdown_complete,KIJK OPNIEUW,true,iOS,2020-09-10 07:25:03
niek,Unbreakable Kimmy Schmidt: Kimmy vs. the Reverend,countdown_interrupted,,false,iOS,2020-09-10 07:18:39
niek,Unbreakable Kimmy Schmidt: Kimmy vs. the Reverend,countdown_interrupted,,false,iOS,2020-09-10 07:16:48
niek,Unbreakable Kimmy Schmidt: Kimmy vs. the Reverend,countdown_complete,,false,iOS,2020-09-09 20:44:10
niek,Unbreakable Kimmy Schmidt: Kimmy vs. the Reverend,countdown_interrupted,VRAAG HOE HAAR JAAR WAS,false,iOS,2020-09-09 20:41:45
niek,Unbreakable Kimmy Schmidt: Kimmy vs. the Reverend,countdown_complete,PAS OP BABY,false,iOS,2020-09-09 20:34:38
niek,Unbreakable Kimmy Schmidt: Kimmy vs. the Reverend,countdown_interrupted,MANIPULATIE,false,iOS,2020-09-09 20:29:46
niek,Unbreakable Kimmy Schmidt: Kimmy vs. the Reverend,countdown_interrupted,KIES VOOR LILLIAN,false,iOS,2020-09-09 20:25:44
niek,Unbreakable Kimmy Schmidt: Kimmy vs. the Reverend,countdown_interrupted,GEHEIM PLAN,false,iOS,2020-09-09 20:11:20
niek,Unbreakable Kimmy Schmidt: Kimmy vs. the Reverend,countdown_interrupted,,false,iOS,2020-09-09 20:01:25
niek,Unbreakable Kimmy Schmidt: Kimmy vs. the Reverend,countdown_interrupted,KOSTUUMAFDELING,false,iOS,2020-09-09 19:58:48
niek,Unbreakable Kimmy Schmidt: Kimmy vs. the Reverend,countdown_interrupted,LOOP NAAR STAD,false,iOS,2020-09-09 19:56:55
niek,Unbreakable Kimmy Schmidt: Kimmy vs. the Reverend,countdown_complete,LILLIAN ZINGT,false,iOS,2020-09-09 19:54:51
niek,Unbreakable Kimmy Schmidt: Kimmy vs. the Reverend,countdown_interrupted,KOM TER ZAKE,false,iOS,2020-09-09 19:51:05
niek,Unbreakable Kimmy Schmidt: Kimmy vs. the Reverend,countdown_complete,INTRO OVERSLAAN,false,iOS,2020-09-09 19:48:39
niek,Unbreakable Kimmy Schmidt: Kimmy vs. the Reverend,countdown_interrupted,GA MET JACQUELINE,false,iOS,2020-09-09 19:46:06
niek,Unbreakable Kimmy Schmidt: Kimmy vs. the Reverend,countdown_interrupted,CYNDEE,false,iOS,2020-09-09 19:43:22
niek,Unbreakable Kimmy Schmidt: Kimmy vs. the Reverend,countdown_interrupted,,false,iOS,2020-09-09 19:41:03
niek,Unbreakable Kimmy Schmidt: Kimmy vs. the Reverend,countdown_interrupted,,false,iOS,2020-09-09 19:40:01
niek,Unbreakable Kimmy Schmidt: Kimmy vs. the Reverend,countdown_interrupted,LEES BOEK,false,iOS,2020-09-09 19:37:50
niek,Unbreakable Kimmy Schmidt: Kimmy vs. the Reverend,countdown_interrupted,NAAR SPORTSCHOOL,false,iOS,2020-09-09 19:33:40
niek,Unbreakable Kimmy Schmidt: Kimmy vs. the Reverend,countdown_interrupted,CHIQUE JURK,false,iOS,2020-09-09 19:31:58
niek,The Boss Baby: Get That Baby!,countdown_interrupted,Laatste keuze opnieuw,true,iOS,2020-09-09 19:29:18
niek,The Boss Baby: Get That Baby!,countdown_interrupted,Spreek kat,false,iOS,2020-09-09 19:27:52
niek,The Boss Baby: Get That Baby!,countdown_interrupted,Gele beker,false,iOS,2020-09-09 19:25:42
niek,The Boss Baby: Get That Baby!,countdown_interrupted,Hoofdkwartier,false,iOS,2020-09-09 19:24:58
niek,The Boss Baby: Get That Baby!,countdown_interrupted,,false,iOS,2020-09-09 19:24:30
niek,The Boss Baby: Get That Baby!,countdown_interrupted,Café van,false,iOS,2020-09-09 19:23:35
niek,The Boss Baby: Get That Baby!,countdown_interrupted,Vroeg naar bed,false,iOS,2020-09-09 19:21:17
niek,The Boss Baby: Get That Baby!,countdown_complete,Focus je op het spel,false,iOS,2020-09-09 19:14:15
niek,The Boss Baby: Get That Baby!,countdown_interrupted,Citroen/wattenstaafje,false,iOS,2020-09-09 19:12:40
niek,The Boss Baby: Get That Baby!,countdown_interrupted,,false,iOS,2020-09-09 19:10:53
niek,The Boss Baby: Get That Baby!,countdown_interrupted,Frederic Estes,false,iOS,2020-09-09 19:08:28
niek,The Boss Baby: Get That Baby!,countdown_interrupted,Rechterknuist,false,iOS,2020-09-09 19:06:13
niek,"Teen Titans Go!: Season 2: ""Road Trip / The Best Robin""",countdown_interrupted,,false,iOS,2019-04-14 17:08:45
niek,"You vs. Wild: Season 1: ""Operation Jungle Rescue, Pt. 2""",countdown_complete,Touw,false,tvui,2019-04-11 13:23:00
niek,"You vs. Wild: Season 1: ""Operation Jungle Rescue, Pt. 2""",countdown_interrupted,Grot,false,tvui,2019-04-11 13:20:38
niek,"You vs. Wild: Season 1: ""Operation Jungle Rescue, Pt. 2""",countdown_complete,Modder,false,tvui,2019-04-11 13:15:50
niek,"You vs. Wild: Season 1: ""Operation Jungle Rescue, Pt. 2""",countdown_interrupted,Cypergras,false,tvui,2019-04-11 13:13:23
niek,"You vs. Wild: Season 1: ""Operation Jungle Rescue, Pt. 2""",countdown_interrupted,Wortelboommoeras,false,tvui,2019-04-11 13:10:38
niek,"You vs. Wild: Season 1: ""Operation Jungle Rescue, Pt. 2""",countdown_interrupted,Touw,false,tvui,2019-04-11 13:06:19
niek,"You vs. Wild: Season 1: ""Operation Jungle Rescue, Pt. 1""",countdown_interrupted,Liaan-slingeren,false,tvui,2019-04-11 13:00:33
niek,"You vs. Wild: Season 1: ""Operation Jungle Rescue, Pt. 1""",countdown_interrupted,Boom beklimmen,false,tvui,2019-04-11 12:57:07
niek,"You vs. Wild: Season 1: ""Operation Jungle Rescue, Pt. 1""",countdown_interrupted,Hakken,false,tvui,2019-04-11 12:53:59
niek,"You vs. Wild: Season 1: ""Operation Jungle Rescue, Pt. 1""",countdown_interrupted,Katapult,false,tvui,2019-04-11 12:51:50
niek,"Minecraft: Story Mode: Season 1: ""The Last Place You Look""",countdown_interrupted,Ga niet dood.,false,tvui,2018-12-01 11:39:27
niek,"Minecraft: Story Mode: Season 1: ""The Last Place You Look""",countdown_interrupted,Ik sta in het krijt.,false,tvui,2018-12-01 11:38:12
niek,"Minecraft: Story Mode: Season 1: ""The Last Place You Look""",countdown_interrupted,Neem Magnus' harnas,false,tvui,2018-12-01 11:34:52
niek,"Minecraft: Story Mode: Season 1: ""The Last Place You Look""",countdown_interrupted,Waarom ging je weg?,false,tvui,2018-12-01 11:32:59
niek,"Minecraft: Story Mode: Season 1: ""The Last Place You Look""",countdown_interrupted,Kist,false,tvui,2018-12-01 11:30:02
niek,"Minecraft: Story Mode: Season 1: ""The Last Place You Look""",countdown_interrupted,Knop,false,tvui,2018-12-01 11:29:31
niek,"Minecraft: Story Mode: Season 1: ""The Last Place You Look""",countdown_complete,Dat was cool.,false,tvui,2018-12-01 11:28:09
niek,"Minecraft: Story Mode: Season 1: ""The Last Place You Look""",countdown_interrupted,Houd me vast.,false,tvui,2018-12-01 11:24:01
niek,"Minecraft: Story Mode: Season 1: ""The Last Place You Look""",countdown_complete,Maak de fontein kapot.,false,tvui,2018-12-01 11:21:47
niek,"Minecraft: Story Mode: Season 1: ""The Last Place You Look""",countdown_complete,Niet echt.,false,tvui,2018-12-01 11:19:38
niek,"Minecraft: Story Mode: Season 1: ""The Last Place You Look""",countdown_interrupted,Help de wereld redden.,false,tvui,2018-12-01 11:18:23
niek,"Minecraft: Story Mode: Season 1: ""The Last Place You Look""",countdown_interrupted,Naar buiten,false,tvui,2018-12-01 11:15:43
niek,"Minecraft: Story Mode: Season 1: ""The Last Place You Look""",countdown_interrupted,Doorzoek zone 1,false,tvui,2018-12-01 11:15:27
niek,"Minecraft: Story Mode: Season 1: ""The Last Place You Look""",countdown_complete,Naar buiten,false,tvui,2018-12-01 11:13:04
niek,"Minecraft: Story Mode: Season 1: ""The Last Place You Look""",countdown_interrupted,Doorzoek zone 2,false,tvui,2018-12-01 11:12:51
niek,"Minecraft: Story Mode: Season 1: ""The Last Place You Look""",countdown_interrupted,Zoek boven,false,tvui,2018-12-01 11:12:27
niek,"Minecraft: Story Mode: Season 1: ""The Last Place You Look""",countdown_interrupted,Kist,false,tvui,2018-12-01 11:11:46
niek,"Minecraft: Story Mode: Season 1: ""The Last Place You Look""",countdown_interrupted,Soren was hier.,false,tvui,2018-12-01 11:09:13
niek,"Minecraft: Story Mode: Season 1: ""The Last Place You Look""",countdown_interrupted,Ze maakt het goed.,false,tvui,2018-12-01 11:06:36
niek,"Minecraft: Story Mode: Season 1: ""The Last Place You Look""",countdown_interrupted,Lukas,false,tvui,2018-12-01 11:05:26
niek,"Minecraft: Story Mode: Season 1: ""The Last Place You Look""",countdown_interrupted,Fontein,false,tvui,2018-12-01 11:05:05
niek,"Minecraft: Story Mode: Season 1: ""The Last Place You Look""",countdown_interrupted,Hendel,false,tvui,2018-12-01 11:04:50
niek,"Minecraft: Story Mode: Season 1: ""The Last Place You Look""",countdown_interrupted,Petra,false,tvui,2018-12-01 11:04:14
niek,"Minecraft: Story Mode: Season 1: ""The Last Place You Look""",countdown_interrupted,Hendel,false,tvui,2018-12-01 11:04:01
niek,"Minecraft: Story Mode: Season 1: ""The Last Place You Look""",countdown_interrupted,Reuben,false,tvui,2018-12-01 11:03:34
niek,"Minecraft: Story Mode: Season 1: ""The Last Place You Look""",countdown_interrupted,Ik hallucineer.,false,tvui,2018-12-01 11:01:46
niek,"Minecraft: Story Mode: Season 1: ""The Last Place You Look""",countdown_interrupted,Volg Lukas.,false,tvui,2018-12-01 10:58:54
niek,"Minecraft: Story Mode: Season 1: ""The Last Place You Look""",countdown_complete,Een jacht?,false,tvui,2018-12-01 10:57:30
niek,"Minecraft: Story Mode: Season 1: ""The Last Place You Look""",countdown_interrupted,Bedankt voor het pakken.,false,tvui,2018-12-01 10:54:29
niek,"Minecraft: Story Mode: Season 1: ""The Last Place You Look""",countdown_interrupted,Help Reuben en Axel,false,tvui,2018-12-01 10:51:39
niek,"Minecraft: Story Mode: Season 1: ""The Last Place You Look""",countdown_interrupted,Duik en rol.,false,tvui,2018-12-01 10:48:06
niek,"Minecraft: Story Mode: Season 1: ""The Last Place You Look""",countdown_complete,Dit kan niet goed zijn.,false,tvui,2018-12-01 10:46:34
niek,"Minecraft: Story Mode: Season 1: ""The Last Place You Look""",countdown_interrupted,Spring omlaag,false,tvui,2018-12-01 10:44:32
niek,"Minecraft: Story Mode: Season 1: ""The Last Place You Look""",countdown_interrupted,Dat moeten we zeggen.,false,tvui,2018-12-01 10:41:54
niek,"Minecraft: Story Mode: Season 1: ""Assembly Required""",countdown_interrupted,Hij gaat niet weg.,false,tvui,2018-12-01 10:36:46
niek,"Minecraft: Story Mode: Season 1: ""Assembly Required""",countdown_interrupted,Ga hulp halen.,false,tvui,2018-11-30 15:21:58
niek,"Minecraft: Story Mode: Season 1: ""Assembly Required""",countdown_interrupted,Volg Ellegaard,false,tvui,2018-11-30 15:20:02
niek,"Minecraft: Story Mode: Season 1: ""Assembly Required""",countdown_interrupted,Bedankt.,false,tvui,2018-11-28 16:57:48
niek,"Minecraft: Story Mode: Season 1: ""Assembly Required""",countdown_interrupted,Hij is fantastisch.,false,tvui,2018-11-28 16:50:21
niek,"Minecraft: Story Mode: Season 1: ""Assembly Required""",countdown_interrupted,We kunnen hem vinden.,false,tvui,2018-11-28 16:47:58
niek,"Minecraft: Story Mode: Season 1: ""Assembly Required""",countdown_interrupted,"Hou je erbuiten, Axel.",false,tvui,2018-11-28 16:45:53
niek,"Minecraft: Story Mode: Season 1: ""Assembly Required""",countdown_interrupted,Ellegaard is cool.,false,tvui,2018-11-28 16:44:38
niek,"Minecraft: Story Mode: Season 1: ""Assembly Required""",countdown_interrupted,Hoe ben je ontsnapt?,false,tvui,2018-11-28 16:43:08
niek,"Minecraft: Story Mode: Season 1: ""Assembly Required""",countdown_interrupted,Laten we dit doen.,true,tvui,2018-11-28 16:39:30
niek,"Minecraft: Story Mode: Season 1: ""Assembly Required""",countdown_interrupted,Er zijn andere problemen.,false,tvui,2018-11-28 16:36:37
niek,"Minecraft: Story Mode: Season 1: ""Assembly Required""",countdown_interrupted,We hebben hulp nodig.,false,tvui,2018-11-28 16:32:40
niek,"Minecraft: Story Mode: Season 1: ""Assembly Required""",countdown_interrupted,Geen idee wat het is.,true,tvui,2018-11-28 16:31:08
niek,"Minecraft: Story Mode: Season 1: ""Assembly Required""",countdown_interrupted,Dat kunnen ze je leren.,true,tvui,2018-11-28 16:29:55
niek,"Minecraft: Story Mode: Season 1: ""Assembly Required""",countdown_complete,Laten we dit doen.,false,tvui,2018-11-28 12:37:26
niek,"Minecraft: Story Mode: Season 1: ""Assembly Required""",countdown_complete,Laat haar met rust.,false,tvui,2018-11-28 12:35:40
niek,"Minecraft: Story Mode: Season 1: ""Assembly Required""",countdown_interrupted,Het is een eer.,false,tvui,2018-11-28 12:34:19
niek,"Minecraft: Story Mode: Season 1: ""Assembly Required""",countdown_interrupted,Geen idee wat het is.,false,tvui,2018-11-28 12:32:45
niek,"Minecraft: Story Mode: Season 1: ""Assembly Required""",countdown_interrupted,Steel repeater,false,tvui,2018-11-28 12:31:11
niek,"Minecraft: Story Mode: Season 1: ""Assembly Required""",countdown_interrupted,Schooljongen,false,tvui,2018-11-28 12:30:04
niek,"Minecraft: Story Mode: Season 1: ""Assembly Required""",countdown_interrupted,Intellectueel,false,tvui,2018-11-28 12:29:09
niek,"Minecraft: Story Mode: Season 1: ""Assembly Required""",countdown_interrupted,,false,tvui,2018-11-28 12:28:36
niek,"Minecraft: Story Mode: Season 1: ""Assembly Required""",countdown_interrupted,Dat kunnen ze je leren.,false,tvui,2018-11-28 12:26:05
niek,"Minecraft: Story Mode: Season 1: ""Assembly Required""",countdown_interrupted,Gebruik boog,false,tvui,2018-11-28 12:23:30
niek,"Minecraft: Story Mode: Season 1: ""The Order of the Stone""",countdown_interrupted,Magnus,false,tvui,2018-11-28 12:20:42
niek,"Minecraft: Story Mode: Season 1: ""The Order of the Stone""",countdown_interrupted,Hendels,false,tvui,2018-11-28 12:18:17
niek,"Minecraft: Story Mode: Season 1: ""The Order of the Stone""",countdown_interrupted,Lukas,false,tvui,2018-11-28 12:17:53
niek,"Minecraft: Story Mode: Season 1: ""The Order of the Stone""",countdown_interrupted,Sokkel,false,tvui,2018-11-28 12:17:17
niek,"Minecraft: Story Mode: Season 1: ""The Order of the Stone""",countdown_interrupted,Olivia,false,tvui,2018-11-28 12:16:42
niek,"Minecraft: Story Mode: Season 1: ""The Order of the Stone""",countdown_interrupted,Axel,false,tvui,2018-11-28 12:16:19
niek,"Minecraft: Story Mode: Season 1: ""The Order of the Stone""",countdown_complete,Dat verklaart veel.,false,tvui,2018-11-28 12:14:46
niek,"Minecraft: Story Mode: Season 1: ""The Order of the Stone""",countdown_interrupted,Maak vishengel,false,tvui,2018-11-28 12:13:00
niek,"Minecraft: Story Mode: Season 1: ""The Order of the Stone""",countdown_interrupted,Blijf hier.,false,tvui,2018-11-28 12:09:02
niek,"Minecraft: Story Mode: Season 1: ""The Order of the Stone""",countdown_interrupted,Geef koekje,false,tvui,2018-11-28 12:06:41
niek,"Minecraft: Story Mode: Season 1: ""The Order of the Stone""",countdown_complete,Een boomhut.,false,tvui,2018-11-28 12:05:17
niek,"Minecraft: Story Mode: Season 1: ""The Order of the Stone""",countdown_interrupted,Ik ga eerst.,false,tvui,2018-11-28 12:03:03
niek,"Minecraft: Story Mode: Season 1: ""The Order of the Stone""",countdown_interrupted,Het was leuk.,false,tvui,2018-11-28 12:01:28
niek,"Minecraft: Story Mode: Season 1: ""The Order of the Stone""",countdown_interrupted,Houd je goed vast,false,tvui,2018-11-28 11:58:59
niek,"Minecraft: Story Mode: Season 1: ""The Order of the Stone""",countdown_interrupted,Petra haalt het.,false,tvui,2018-11-28 11:57:13
niek,"Minecraft: Story Mode: Season 1: ""The Order of the Stone""",countdown_interrupted,Red Petra,false,tvui,2018-11-28 11:54:46
niek,"Minecraft: Story Mode: Season 1: ""The Order of the Stone""",countdown_interrupted,Waar zijn ze?,false,tvui,2018-11-28 11:53:45
niek,"Minecraft: Story Mode: Season 1: ""The Order of the Stone""",countdown_interrupted,,false,tvui,2018-11-28 11:50:59
niek,"Minecraft: Story Mode: Season 1: ""The Order of the Stone""",countdown_interrupted,Hij kan het niet stoppen.,false,tvui,2018-11-28 11:48:43
niek,"Minecraft: Story Mode: Season 1: ""The Order of the Stone""",countdown_interrupted,Houd hem tegen!,false,tvui,2018-11-27 14:33:35
niek,"Minecraft: Story Mode: Season 1: ""The Order of the Stone""",countdown_interrupted,Praat met Gabriel.,false,tvui,2018-11-27 14:31:34
niek,"Minecraft: Story Mode: Season 1: ""The Order of the Stone""",countdown_interrupted,Waarschuw Olivia,false,tvui,2018-11-27 14:29:07
niek,"Minecraft: Story Mode: Season 1: ""The Order of the Stone""",countdown_interrupted,Laat het met rust.,false,tvui,2018-11-27 14:26:05
niek,"Minecraft: Story Mode: Season 1: ""The Order of the Stone""",countdown_interrupted,Nu is het onze beurt.,false,tvui,2018-11-27 14:24:11
niek,"Minecraft: Story Mode: Season 1: ""The Order of the Stone""",countdown_interrupted,Lukas,false,tvui,2018-11-27 14:22:21
niek,"Minecraft: Story Mode: Season 1: ""The Order of the Stone""",countdown_interrupted,Slijm,false,tvui,2018-11-27 14:21:24
niek,"Minecraft: Story Mode: Season 1: ""The Order of the Stone""",countdown_interrupted,Bedreig hem met zwaard,false,tvui,2018-11-27 14:19:09
niek,"Minecraft: Story Mode: Season 1: ""The Order of the Stone""",countdown_interrupted,Hij zat aan mijn varken.,false,tvui,2018-11-27 14:16:12
niek,"Minecraft: Story Mode: Season 1: ""The Order of the Stone""",countdown_complete,Ik ben oké met hem.,false,tvui,2018-11-27 14:14:05
niek,"Minecraft: Story Mode: Season 1: ""The Order of the Stone""",countdown_interrupted,Wie ben je?,false,tvui,2018-11-27 14:12:50
niek,"Minecraft: Story Mode: Season 1: ""The Order of the Stone""",countdown_interrupted,Party time!,false,tvui,2018-11-27 14:11:16
niek,"Minecraft: Story Mode: Season 1: ""The Order of the Stone""",countdown_interrupted,Spring,false,tvui,2018-11-27 14:08:39
niek,"Minecraft: Story Mode: Season 1: ""The Order of the Stone""",countdown_interrupted,Maak hendel,false,tvui,2018-11-27 14:06:45
niek,"Minecraft: Story Mode: Season 1: ""The Order of the Stone""",countdown_interrupted,Ik doe mee.,false,tvui,2018-11-27 14:05:40
niek,"Minecraft: Story Mode: Season 1: ""The Order of the Stone""",countdown_interrupted,"Volg me, ik bescherm je.",false,tvui,2018-11-27 14:03:26
niek,"Minecraft: Story Mode: Season 1: ""The Order of the Stone""",countdown_interrupted,Hoog gras,false,tvui,2018-11-27 14:01:48
niek,"Minecraft: Story Mode: Season 1: ""The Order of the Stone""",countdown_interrupted,De waterput,false,tvui,2018-11-27 14:01:36
niek,"Minecraft: Story Mode: Season 1: ""The Order of the Stone""",countdown_interrupted,Rookspoor,false,tvui,2018-11-27 14:01:11
niek,"Minecraft: Story Mode: Season 1: ""The Order of the Stone""",countdown_interrupted,Struik,false,tvui,2018-11-27 14:00:57
niek,"Minecraft: Story Mode: Season 1: ""The Order of the Stone""",countdown_interrupted,Varkens,false,tvui,2018-11-27 14:00:34
niek,"Minecraft: Story Mode: Season 1: ""The Order of the Stone""",countdown_interrupted,Redstonerap,false,tvui,2018-11-27 13:57:44
niek,"Minecraft: Story Mode: Season 1: ""The Order of the Stone""",countdown_interrupted,Moge de beste winnen.,false,tvui,2018-11-27 13:56:57
niek,"Minecraft: Story Mode: Season 1: ""The Order of the Stone""",countdown_interrupted,We zijn de Orde van het Varken.,false,tvui,2018-11-27 13:54:44
niek,"Minecraft: Story Mode: Season 1: ""The Order of the Stone""",countdown_interrupted,Creeper,false,tvui,2018-11-27 13:51:53
niek,"Minecraft: Story Mode: Season 1: ""The Order of the Stone""",countdown_complete,Gabriel is te gek.,false,tvui,2018-11-27 13:50:02
niek,"Minecraft: Story Mode: Season 1: ""The Order of the Stone""",countdown_interrupted,Cool masker.,false,tvui,2018-11-27 13:47:48
niek,"Minecraft: Story Mode: Season 1: ""The Order of the Stone""",countdown_interrupted,Kippen van zombieformaat,false,tvui,2018-11-27 13:46:18
niek,"Minecraft: Story Mode: Season 1: ""The Order of the Stone""",countdown_interrupted,Vrouwelijke Jesse,false,tvui,2018-11-27 13:43:22
niek,"Minecraft: Story Mode: Season 1: ""The Order of the Stone""",countdown_complete,Mannelijke Jesse,false,tvui,2018-11-27 13:42:38
