Profile Name,Title Name,Country,Utc Title Add Date
user1,Last Chance U,Netherlands,2022-08-18
user1,Last Chance U: Basketball,Netherlands,2022-08-18
user1,Focus,Netherlands,2020-04-05
user1,Elementary,Netherlands,2018-11-18
user1,Jack Whitehall: Travels with My Father,Netherlands,2018-10-29
user1,The Mavericks,Netherlands,2018-08-18
user1,The Perfect Physique,Netherlands,2018-08-18
user1,Trainer!,Netherlands,2018-08-18
user1,The Hurt Business,Netherlands,2018-08-18
user1,Hot Girls Wanted,Netherlands,2018-08-18
user1,After Porn Ends,Netherlands,2018-08-18
user1,Steve Jobs: Billion Dollar Hippy,Netherlands,2018-08-18
user1,Million Pound Menu,Netherlands,2018-08-18
user1,One Direction: This Is Us,Netherlands,2018-08-18
user1,Tony Robbins: I Am Not Your Guru,Netherlands,2018-08-18
user1,John Jansen,Netherlands,2018-08-18
user1,First Team: Juventus,Netherlands,2018-08-18
user1,Magic for Humans,Netherlands,2018-08-18
user1,Pain & Gain,Netherlands,2018-08-17
user1,Adios Amigos,Netherlands,2018-08-17
user1,Father of the Year,Netherlands,2018-07-23
user1,You Me Her,Netherlands,2018-06-05
user1,The Real Football Factories,Netherlands,2018-05-01
user1,Pickpockets,Netherlands,2018-04-23
user1,Justin Bieber: Never Say Never,Netherlands,2018-04-20
user1,Anthony Joshua: The Road to Klitschko,Netherlands,2018-04-20
user1,The Night Before,Netherlands,2017-10-12
user2,Sugar Rush Christmas,Netherlands,2020-11-21
user2,Midnight at the Magnolia,Netherlands,2020-11-21
user2,Duplicity,Netherlands,2020-08-11
user2,Unsolved Mysteries,Netherlands,2020-07-04
user2,The Woods,Netherlands,2020-07-04
user2,Penoza: The Final Chapter,Netherlands,2020-06-05
user2,Missing,Netherlands,2019-12-26
user2,Outlander,Netherlands,2019-10-25
user2,Dead to Me,Netherlands,2019-05-30
user3,Allied,Netherlands,2022-07-18
user3,High Score,Netherlands,2022-06-10
user3,Double Jeopardy,Netherlands,2022-06-10
user3,Not a Game,Netherlands,2022-06-10
user3,The Adam Project,Netherlands,2022-06-10
user3,The Accountant,Netherlands,2022-06-10
user3,Rage,Netherlands,2022-06-10
user3,Raising Dion,Netherlands,2022-06-10
user3,The Happytime Murders,Netherlands,2022-06-10
user3,Cobra Kai,Netherlands,2022-06-10
user3,Oats Studios,Netherlands,2022-06-10
user3,Lucy,Netherlands,2022-06-10
user3,Edge of Tomorrow,Netherlands,2022-06-10
user3,Wanted,Netherlands,2022-06-10
user3,A Simple Favor,Netherlands,2022-06-10
user3,Bohemian Rhapsody,Netherlands,2022-06-10
user3,Taco Chronicles,Netherlands,2022-06-10
user3,Black Crab,Netherlands,2022-03-22
user3,IO,Netherlands,2022-02-17
user3,The Forgotten Battle,Netherlands,2021-10-19
user3,1917,Netherlands,2021-09-28
user3,Squid Game,Netherlands,2021-09-25
user3,Outlaw King,Netherlands,2021-09-14
user3,SAS: Rise of the Black Swan,Netherlands,2021-09-07
user3,The Spy Who Dumped Me,Netherlands,2021-08-14
user3,Blood Red Sky,Netherlands,2021-08-14
user3,Heist,Netherlands,2021-08-14
user3,Below Deck Mediterranean,Netherlands,2021-08-14
user3,Boss Level,Netherlands,2021-08-14
user3,Monster Hunter,Netherlands,2021-08-14
user3,Ronald Goedemondt - Numero Uno,Netherlands,2021-07-23
user3,Jupiter's Legacy,Netherlands,2021-07-18
user3,The Mitchells vs. The Machines,Netherlands,2021-05-29
user3,Burlesque,Netherlands,2021-05-22
user3,The Mitchells vs. The Machines,Netherlands,2021-05-16
user3,Aquaman,Netherlands,2020-10-23
user3,What the Health,Netherlands,2020-09-27
user3,The Great Hack,Netherlands,2020-09-27
user3,After Porn Ends 3,Netherlands,2020-09-27
user3,Print the Legend,Netherlands,2020-09-27
user3,Why We Fight: The Battle of Russia,Netherlands,2020-09-27
user3,American Factory,Netherlands,2020-09-27
user3,Attacking the Devil: Harold Evans and the Last Nazi War Crime,Netherlands,2020-09-27
user3,The Dawn Wall,Netherlands,2020-09-27
user3,The Speed Cubers,Netherlands,2020-09-27
user3,Heal,Netherlands,2020-09-27
user3,The C Word,Netherlands,2020-09-27
user3,The Social Dilemma,Netherlands,2020-09-27
user3,The Bleeding Edge,Netherlands,2020-09-27
user3,Memory Games,Netherlands,2020-09-27
user3,Making The Witcher,Netherlands,2020-09-27
user3,Bill Nye: Science Guy,Netherlands,2020-09-27
user3,Operation Odessa,Netherlands,2020-09-11
user3,Connected,Netherlands,2020-09-11
user3,Chef's Table: BBQ,Netherlands,2020-09-05
user3,Interstellar,Netherlands,2020-08-24
user3,Time Trap,Netherlands,2020-08-24
user3,Biohackers,Netherlands,2020-08-24
user3,Scorpion,Netherlands,2020-08-16
user3,The Umbrella Academy,Netherlands,2020-07-31
user3,Queen of the South,Netherlands,2020-07-31
user3,Desperados,Netherlands,2020-07-24
user3,We're the Millers,Netherlands,2020-07-24
user3,The Decline,Netherlands,2020-06-27
user3,History 101,Netherlands,2020-06-07
user3,Transformers: Age of Extinction,Netherlands,2020-06-06
user3,Repo Men,Netherlands,2020-06-06
user3,Black Mass,Netherlands,2020-05-27
user3,Dark,Netherlands,2020-05-19
user3,Illang: The Wolf Brigade,Netherlands,2020-05-10
user3,100 Humans,Netherlands,2020-05-04
user3,The Movies That Made Us,Netherlands,2020-05-04
user3,Car Masters: Rust to Riches,Netherlands,2020-04-01
user3,Angel Has Fallen,Netherlands,2020-03-22
user3,Pandemic: How to Prevent an Outbreak,Netherlands,2020-03-22
user3,Medical Police,Netherlands,2020-01-12
user3,Messiah,Netherlands,2020-01-06
user3,The Witcher,Netherlands,2019-12-30
user3,The I-Land,Netherlands,2019-12-30
user3,Lost in Space,Netherlands,2019-12-26
user3,Unnatural Selection,Netherlands,2019-11-30
user3,The Irishman,Netherlands,2019-11-30
user3,Slasher,Netherlands,2019-11-17
user3,Living with Yourself,Netherlands,2019-10-23
user3,The Laundromat,Netherlands,2019-10-22
user3,Better Than Us,Netherlands,2019-10-20
user3,Glitch,Netherlands,2019-10-20
user3,Blue Thunder,Netherlands,2019-10-20
user3,Ozark,Netherlands,2019-10-20
user3,Dirty Grandpa,Netherlands,2019-10-19
user3,In the Shadow of the Moon,Netherlands,2019-09-28
user3,Inside Bill's Brain: Decoding Bill Gates,Netherlands,2019-09-20
user3,The Spy,Netherlands,2019-09-11
user3,The Gunman,Netherlands,2019-09-07
user3,The Hundred-Foot Journey,Netherlands,2019-09-07
user3,Weeds,Netherlands,2019-09-07
user3,The Grey,Netherlands,2019-09-07
user3,Triple Frontier,Netherlands,2019-09-07
user3,Crossing Lines,Netherlands,2019-09-07
user3,The Next Three Days,Netherlands,2019-09-07
user3,Dead to Me,Netherlands,2019-09-07
user3,The Red Sea Diving Resort,United States,2019-08-08
user3,Restrepo,Netherlands,2019-07-28
user3,Another Life,Netherlands,2019-07-26
user3,The Order,Netherlands,2019-07-24
user3,Timeless,Netherlands,2019-07-24
user3,White Rabbit Project,Netherlands,2019-07-24
user3,Last Chance U,Netherlands,2019-07-24
user3,The OA,Netherlands,2019-07-18
user3,The Sinner,Netherlands,2019-07-18
user3,"Frankenstein’s Monster’s Monster, Frankenstein",Netherlands,2019-07-16
user3,Point Blank,Netherlands,2019-07-15
user3,WHAT / IF,Netherlands,2019-06-23
user3,My Next Guest Needs No Introduction With David Letterman,Netherlands,2019-06-23
user3,The Cloverfield Paradox,Netherlands,2019-06-05
user3,Tiny House Nation,Netherlands,2019-05-09
user3,Oblivion,Netherlands,2019-04-28
user3,BONDING,Netherlands,2019-04-28
user3,Street Food: Asia,Netherlands,2019-04-28
user3,Someone Great,Netherlands,2019-04-20
user3,Life,Netherlands,2019-04-03
user3,Doom,Netherlands,2019-04-03
user3,Travelers,Netherlands,2019-04-03
user3,Selling Sunset,Netherlands,2019-03-23
user3,Formula 1: Drive to Survive,Netherlands,2019-03-23
user3,The Hurricane Heist,Netherlands,2019-03-22
user3,Turn Up Charlie,Netherlands,2019-03-19
user3,Isn't It Romantic,Netherlands,2019-03-01
user3,The Breaker Upperers,Netherlands,2019-02-15
user3,Hallo Bungalow,Netherlands,2019-02-15
user3,Bringing Sexy Back,Netherlands,2019-02-10
user3,Velvet Buzzsaw,Netherlands,2019-02-10
user3,Court Justice,Netherlands,2019-02-06
user3,Horror Homes,Netherlands,2019-02-06
user3,Clash of the Collectables,Netherlands,2019-02-06
user3,Ghost Town Gold,Netherlands,2019-02-06
user3,Black Earth Rising,Netherlands,2019-02-01
user3,Velvet Buzzsaw,Netherlands,2019-02-01
user3,Russian Doll,Netherlands,2019-02-01
user3,Close,Netherlands,2019-01-20
user3,You,Netherlands,2018-12-30
user3,Brooklyn Nine-Nine,Netherlands,2018-11-08
user3,Elementary,Netherlands,2018-11-08
user3,Jack Whitehall: Travels with My Father,Netherlands,2018-10-24
user3,Django Unchained,Netherlands,2018-10-24
user3,Maniac,Netherlands,2018-10-05
user3,Hold the Dark,Netherlands,2018-09-30
user3,Greenleaf,Netherlands,2018-09-29
user3,Smokin' Aces,Netherlands,2018-09-18
user3,Pain & Gain,Netherlands,2018-09-09
user3,Ozark,Netherlands,2018-09-09
user3,Underworld: Blood Wars,Netherlands,2018-09-09
user3,The After Party,Netherlands,2018-08-24
user3,Next Gen,Netherlands,2018-08-24
user3,Arrival,Netherlands,2018-08-24
user3,Pitch Black,Netherlands,2018-07-18
user3,Battleship,Netherlands,2018-07-07
user3,Good Girls,Netherlands,2018-07-07
user3,Idiocracy,Netherlands,2018-06-13
user3,Some Kind of Beautiful,Netherlands,2018-06-05
user3,Anon,Netherlands,2018-05-31
user3,The Toys That Made Us,Netherlands,2018-05-29
user3,WALL-E,Netherlands,2018-05-29
user3,The Rain,Netherlands,2018-05-17
user3,Psychokinesis,Netherlands,2018-05-15
user3,Pompeii,Netherlands,2018-05-15
user3,Haters Back Off,Netherlands,2018-05-15
user3,Evil Genius: the True Story of America's Most Diabolical Bank Heist,Netherlands,2018-05-14
user3,Superstition,Netherlands,2018-05-03
user3,End Game,Netherlands,2018-04-30
user3,Four Rooms,Netherlands,2018-04-29
user3,The Rachel Divide,Netherlands,2018-04-28
user3,The New Legends of Monkey,Netherlands,2018-04-28
user3,The Frankenstein Chronicles,Netherlands,2018-04-28
user3,Heavy Rescue: 401,Netherlands,2018-04-28
user3,Marvel's The Defenders,Netherlands,2018-04-27
user3,Colony,Netherlands,2018-04-27
user3,Surveillance Oz,Netherlands,2018-04-21
user3,The Big Ward,Netherlands,2018-03-11
user3,Nailed It!,Netherlands,2018-03-10
user3,Bastille Day,Netherlands,2018-03-06
user3,Before the Flood,Netherlands,2018-03-06
user3,Flint Town,Netherlands,2018-03-06
user3,Betting on Zero,Netherlands,2018-03-06
user3,Derren Brown: The Push,Netherlands,2018-03-06
user3,Ugly Delicious,Netherlands,2018-03-03
user3,FullMetal Alchemist,Netherlands,2018-02-21
user3,Rotten,Netherlands,2018-01-05
user3,The Flash,Netherlands,2018-01-05
user3,The End of the F***ing World,Netherlands,2018-01-05
user3,Velvet,Netherlands,2018-01-03
user3,Lockup: County Jails,Netherlands,2018-01-03
user3,Mr. Popper's Penguins,Netherlands,2018-01-03
user3,The Crown,Netherlands,2017-12-11
user3,Bright,Netherlands,2017-12-09
user3,The IT Crowd,Netherlands,2017-11-06
user3,Hitch,Netherlands,2017-11-04
user3,1922,Netherlands,2017-10-30
user3,After Earth,Netherlands,2017-10-30
user3,MINDHUNTER,Netherlands,2017-10-26
user3,Jack Reacher,Netherlands,2017-10-22
user3,Divergent,Netherlands,2017-10-20
user3,The Hunger Games: Mockingjay - Part 1,Netherlands,2017-10-20
user4,The Incredibles 2,United States,2019-08-15
user4,Catch Me If You Can,Netherlands,2019-07-28
niek,Do Revenge,Netherlands,2022-09-21
niek,How to Become a Tyrant,Netherlands,2022-09-20
niek,Luizenmoeder - De Film,Netherlands,2022-09-06
niek,Rat Race,Netherlands,2022-09-06
niek,Friends with Benefits,Netherlands,2022-09-06
niek,Couples Retreat,Netherlands,2022-09-06
niek,Bittersweet Sixteen,Netherlands,2022-09-06
niek,Dated and Related,Netherlands,2022-09-06
niek,Me Time,Netherlands,2022-08-31
niek,13: The Musical,Netherlands,2022-08-15
niek,Spider-Man: No Way Home,Netherlands,2022-08-11
niek,Night School,Netherlands,2022-08-10
niek,Catch Me If You Can,Netherlands,2022-07-16
niek,Surviving Summer,Netherlands,2022-06-15
niek,Imagine That,Netherlands,2022-06-15
niek,Spy Kids: All the Time in the World,Netherlands,2022-06-15
niek,Spy Kids 2: The Island of Lost Dreams,Netherlands,2022-06-15
niek,Чужа молитва,Netherlands,2022-06-15
niek,Spy Kids,Netherlands,2022-06-15
niek,He's Just Not That Into You,Netherlands,2022-06-15
niek,Knight and Day,Netherlands,2022-06-15
niek,The Intern,Netherlands,2022-05-29
niek,When We First Met,Netherlands,2022-05-29
niek,A Simple Favor,Netherlands,2022-05-29
niek,Middle School: The Worst Years of My Life,Netherlands,2022-05-28
niek,Shameless,Netherlands,2022-05-18
niek,Naked,Netherlands,2022-05-11
niek,Two Weeks Notice,Netherlands,2022-05-11
niek,The Notebook,Netherlands,2022-05-11
niek,How Do You Know,Netherlands,2022-05-11
niek,Along for the Ride,Netherlands,2022-05-10
niek,Sextuplets,Netherlands,2022-05-10
niek,Senior Year,Netherlands,2022-05-10
niek,Playing with Fire,Netherlands,2022-05-05
niek,That Girl Lay Lay,Netherlands,2022-05-04
niek,Hot Pursuit,Netherlands,2022-04-30
niek,Bullsh*t The Gameshow,Netherlands,2022-04-30
niek,The Royals,Netherlands,2022-04-30
niek,First Sunday,Netherlands,2022-04-15
niek,Jumanji: Welcome to the Jungle,Netherlands,2022-03-22
niek,The Adam Project,Netherlands,2022-03-22
niek,Making Fun,Netherlands,2022-03-06
niek,Save the Last Dance,United Kingdom,2022-03-04
niek,Get Hard,Netherlands,2022-02-24
niek,Through My Window,Netherlands,2022-02-14
niek,50 First Dates,Netherlands,2022-02-01
niek,Lady Bird,Netherlands,2022-01-26
niek,Dawson's Creek,Netherlands,2022-01-22
niek,The Perfect Match,Netherlands,2022-01-05
niek,Friendzone,Netherlands,2022-01-05
niek,Dirty Grandpa,Netherlands,2022-01-05
niek,Zwaar Verliefd 2,Netherlands,2022-01-01
niek,Skins,Netherlands,2022-01-01
niek,Peaky Blinders,Netherlands,2022-01-01
niek,Twentysomethings: Austin,Netherlands,2021-12-14
niek,"Gabriel ""Fluffy"" Iglesias: One Show Fits All",Netherlands,2021-11-24
niek,The Princess Switch 3: Romancing the Star,Netherlands,2021-11-20
niek,Happiest Season,Netherlands,2021-11-17
niek,The Holiday Calendar,Netherlands,2021-11-14
niek,Blown Away,Netherlands,2021-11-14
niek,What Happens in Vegas,Netherlands,2021-11-14
niek,Love Actually,Netherlands,2021-11-14
niek,"Crazy, Stupid, Love.",Netherlands,2021-11-14
niek,Love Hard,Netherlands,2021-11-12
niek,Overboard (2018),Netherlands,2021-11-12
niek,Holidate,Netherlands,2021-11-02
niek,Made of Honor,Netherlands,2021-11-02
niek,The Knight Before Christmas,Netherlands,2021-11-02
niek,First Daughter,Netherlands,2021-11-02
niek,Ghostbusters: Answer the Call,Netherlands,2021-11-02
niek,Set It Up,Netherlands,2021-11-02
niek,The Truman Show,Netherlands,2021-11-02
niek,Yes Man,Netherlands,2021-11-02
niek,Daddy's Home,Netherlands,2021-11-02
niek,No Reservations,Netherlands,2021-11-02
niek,The Office (U.S.),Netherlands,2021-10-30
niek,Next in Fashion,Netherlands,2021-10-30
niek,You,Netherlands,2021-10-14
niek,Pretty Smart,Netherlands,2021-10-12
niek,Marley & Me,Netherlands,2021-10-03
niek,Baby Geniuses,Netherlands,2021-10-01
niek,YES DAY,Netherlands,2021-10-01
niek,Living with Yourself,Netherlands,2021-10-01
niek,The Best of Me,Netherlands,2021-10-01
niek,Liar Liar,Netherlands,2021-10-01
niek,Dora and the Lost City of Gold,Netherlands,2021-09-27
niek,17 Again,Netherlands,2021-09-24
niek,Me Before You,Netherlands,2021-09-24
niek,Community,Netherlands,2021-09-17
niek,Derren Brown: The Push,Netherlands,2021-08-10
niek,The Loud House Movie,Netherlands,2021-07-29
niek,Degrassi: Next Class,Netherlands,2021-03-18
niek,The Letdown,Netherlands,2021-03-10
niek,Moxie,Netherlands,2021-03-04
niek,Ginny & Georgia,Netherlands,2021-03-01
niek,Annie,Netherlands,2021-02-28
niek,Daybreak,Netherlands,2021-02-27
niek,Easy A,Netherlands,2021-02-18
niek,Pants on Fire,Netherlands,2021-02-17
niek,LOL,Netherlands,2021-01-30
niek,Sierra Burgess Is a Loser,Netherlands,2021-01-30
niek,Zapped,Netherlands,2021-01-30
niek,Just Go With It,Netherlands,2021-01-21
niek,The Invention of Lying,Netherlands,2021-01-21
niek,Fashion Chicks,Netherlands,2021-01-21
niek,Blended,Netherlands,2021-01-21
niek,We're the Millers,Netherlands,2021-01-21
niek,"Love, Guaranteed",Netherlands,2021-01-21
niek,Someone Great,Netherlands,2021-01-21
niek,Big Daddy,Netherlands,2021-01-21
niek,The Wrong Missy,Netherlands,2021-01-21
niek,Dawson's Creek,Netherlands,2021-01-21
niek,All The Bright Places,Netherlands,2020-12-24
niek,Swiped,Netherlands,2020-12-24
niek,To All the Boys: P.S. I Still Love You,Netherlands,2020-12-24
niek,SPF-18,Netherlands,2020-12-24
niek,Tall Girl,Netherlands,2020-12-24
niek,The Prom,Netherlands,2020-12-13
niek,Gilmore Girls,Netherlands,2020-12-03
niek,Heartbreak High,Netherlands,2020-12-02
niek,Everything Sucks!,Netherlands,2020-12-02
niek,Speech & Debate,Netherlands,2020-12-02
niek,Bridesmaids,Netherlands,2020-12-02
niek,Pan,Netherlands,2020-12-02
niek,Life as We Know It,Netherlands,2020-12-02
niek,Rip Tide,Netherlands,2020-11-04
niek,13 Going on 30,Netherlands,2020-08-19
niek,You Get Me,Netherlands,2020-08-18
niek,Charlie and the Chocolate Factory,United States,2019-08-07
niek,Family Reunion,Netherlands,2019-07-16
niek,Mamma Mia!,Netherlands,2019-03-05
niek,A Series of Unfortunate Events,Netherlands,2019-01-29
niek,Teen Titans Go!,Netherlands,2018-12-27
niek,Dawn of the Croods,Netherlands,2018-12-27
niek,Fuller House,Netherlands,2018-12-24
niek,Free Rein: The Twelve Neighs of Christmas,Netherlands,2018-12-15
niek,Spy Kids: Mission Critical,Netherlands,2018-06-11
niek,The Hollow,Netherlands,2018-06-09
niek,Spy Kids 3: Game Over,Netherlands,2018-05-29
niek,Alexa & Katie,Netherlands,2018-05-01
niek,Air Bud: Spikes Back,Netherlands,2018-05-01
niek,When Calls the Heart,Netherlands,2018-03-19
niek,Miss India America,Netherlands,2018-03-19
niek,Grease,Netherlands,2018-03-16
niek,Raising the Bar,Netherlands,2018-03-16
niek,Modern Family,Netherlands,2018-03-16
niek,Baby Ballroom,Netherlands,2018-03-16
niek,Chalk It Up,Netherlands,2018-03-16
niek,Bean: The Ultimate Disaster Movie,Netherlands,2018-03-16
niek,Turbo FAST,Netherlands,2018-03-15
niek,Garfield: The Movie,Netherlands,2018-03-15
niek,Fangbone,Netherlands,2018-03-15
niek,Nailed It!,Netherlands,2018-03-15
niek,The Deep,Netherlands,2018-03-15
niek,Good Witch,Netherlands,2018-03-15
niek,Paul Blart: Mall Cop,Netherlands,2018-03-15
niek,Barbie Dolphin Magic,Netherlands,2018-03-03
