Profile Name,Title Name,Rating Type,Star Value,Thumbs Value,Device Model,Event Utc Ts,Region View Date
user1,Suits,thumb,,2,Smart TV,2021-05-27 20:30:52,
user1,The Wolf of Wall Street,star,5,2,Smart TV,2017-01-05 22:08:20,2016-12-27
user1,Shooter,star,5,2,Smart TV,2017-01-05 13:38:00,
user2,Look Both Ways,thumb,,0,Smart TV,2022-08-17 16:03:32,
user2,The Lincoln Lawyer,thumb,,0,Smart TV,2022-05-23 21:03:33,
user2,Sweet Magnolias,thumb,,2,Smart TV,2022-02-21 18:38:32,
user2,My Unorthodox Life,thumb,,2,Smart TV,2021-07-28 09:10:36,
user2,How Do You Know,thumb,,2,Smart TV,2018-08-18 20:29:07,
user2,Despicable Me 2,star,5,2,Apple TV,2015-04-06 13:08:51,2015-04-06
user3,Inventing Anna,thumb,,1,HTML 5,2022-06-10 12:38:54,
user3,Going in Style,thumb,,2,iPhone,2022-01-20 14:31:16,
user3,From Gerri With Love,thumb,,1,Smart TV,2020-08-16 22:08:16,
user3,10 Minutes Gone,thumb,,1,Smart TV,2020-05-10 18:21:14,
user3,Lucy,thumb,,0,HTML 5,2020-04-05 22:45:07,
user3,Coffee & Kareem,thumb,,1,HTML 5,2020-04-04 16:23:39,
user3,T-34,thumb,,2,iPhone,2020-02-17 21:58:48,
user3,The Shawshank Redemption,thumb,,2,iPhone,2020-01-28 21:24:39,
user3,Love Actually,thumb,,2,HTML 5,2019-12-30 20:16:27,
user3,Ratatouille,thumb,,2,iPhone,2019-09-21 08:12:06,
user3,Holmes & Watson,thumb,,1,HTML 5,2019-08-17 19:17:48,
user3,Replicas,thumb,,2,Smart TV,2019-08-17 15:01:32,
user3,Ghost in the Shell,thumb,,2,HTML 5,2019-04-03 20:39:43,
user3,Jack Ryan: Shadow Recruit,thumb,,2,HTML 5,2019-04-03 20:38:34,
user3,Russian Doll,thumb,,1,HTML 5,2019-03-22 21:36:31,
user3,"Love, Death & Robots",thumb,,2,HTML 5,2019-03-22 21:36:27,
user3,CHIPS,thumb,,1,Smart TV,2019-03-16 20:18:28,
user3,Escape Plan 2: Hades,thumb,,1,Smart TV,2019-03-09 22:28:27,
user3,How It Ends,thumb,,1,iPhone,2018-09-13 21:55:43,
user3,Good Girls,thumb,,2,iPhone,2018-08-15 22:57:02,
user3,Left Behind,thumb,,1,HTML 5,2018-05-15 14:42:46,
user3,The Undateables,thumb,,2,iPhone,2018-05-12 08:00:28,
user3,Rotten,thumb,,2,HTML 5,2018-01-05 18:00:21,
user3,Chelsea,thumb,,1,Smart TV,2017-11-04 20:48:14,
user3,Wheelman,thumb,,2,HTML 5,2017-10-30 17:08:59,
user3,After Earth,thumb,,1,HTML 5,2017-10-30 14:13:27,
user3,Misfire,thumb,,1,Smart TV,2017-09-26 12:44:13,
user3,Disaster Movie,star,1,1,Smart TV,2017-04-22 16:52:54,2017-04-22
user3,Delivery Man,star,5,2,iPad,2017-01-04 18:35:20,2017-01-04
user3,Fifty Shades of Grey,star,3,2,Smart TV,2016-08-18 04:31:16,
user3,Chelsea,star,1,1,Laptop/Desktop,2016-05-11 22:30:33,2016-05-11
user3,The Bank Job,star,5,2,Laptop/Desktop,2015-11-22 18:00:02,2015-11-22
user3,The World's End,star,3,2,Unknown,2015-05-25 13:20:24,2015-05-13
user3,Daredevil,star,5,2,Unknown,2015-05-13 22:45:26,2015-04-30
user3,Marvel's Daredevil,star,5,2,Unknown,2015-04-29 14:07:56,2015-04-29
user3,Suits,star,-1,1,Laptop/Desktop,2014-06-29 23:40:49,2014-06-25
user3,Blue Mountain State,star,-1,1,Laptop/Desktop,2014-06-29 23:40:44,2014-04-11
user3,Video Game High School,star,1,1,Laptop/Desktop,2014-06-25 21:21:43,2014-06-25
user3,Paul Blart: Mall Cop,star,-1,1,Laptop/Desktop,2014-05-06 18:35:16,2013-11-22
user3,George of the Jungle,star,-1,1,Laptop/Desktop,2014-05-06 18:35:03,2014-04-27
user3,"The Chronicles of Narnia: The Lion, the Witch & the Wardrobe",star,-1,1,Laptop/Desktop,2014-05-06 18:34:17,
user3,Home Alone 3,star,-1,1,Laptop/Desktop,2014-05-06 18:34:14,
user3,"Honey, I Shrunk the Kids",star,-1,1,Laptop/Desktop,2014-05-06 18:34:06,
user3,Breaking Bad,star,5,2,Unknown,2014-04-26 17:10:05,2014-04-13
user3,Bee Movie,star,4,2,Unknown,2014-04-13 10:20:38,2014-04-04
user3,The Amazing Spider-Man,star,3,2,Unknown,2014-04-11 14:39:39,2014-04-02
user3,Kathleen Madigan: Madigan Again,star,1,1,Apple TV,2013-10-07 21:02:10,2013-10-07
user4,Turbo FAST,star,5,2,iPad,2014-03-02 07:10:17,2014-03-02
niek,Fate: The Winx Saga,thumb,,1,Smart TV,2022-09-21 13:47:15,
niek,The Notebook,thumb,,1,MVPD STB,2022-05-24 21:18:44,
niek,Along for the Ride,thumb,,2,HTML 5,2022-05-10 19:33:26,
niek,Pitch Perfect,thumb,,3,HTML 5,2022-04-15 08:27:11,
niek,First Sunday,thumb,,2,HTML 5,2022-04-15 08:26:52,
niek,The Twilight Saga: Eclipse,thumb,,2,Smart TV,2021-12-20 13:13:31,
niek,Divergent,thumb,,2,Smart TV,2021-12-18 14:05:18,
niek,17 Again,thumb,,2,Smart TV,2021-10-10 07:30:07,
niek,Easy A,thumb,,2,HTML 5,2021-10-03 16:23:45,
niek,Me Before You,thumb,,2,HTML 5,2021-10-03 16:23:20,
niek,Legally Blonde,thumb,,2,Smart TV,2021-10-03 14:06:56,
niek,Swiped,thumb,,2,iPad,2021-10-01 22:08:37,
niek,To All the Boys I’ve Loved Before,thumb,,2,iPad,2021-10-01 22:08:28,
niek,Pixels,thumb,,2,iPad,2021-10-01 21:54:25,
niek,The Kissing Booth 3,thumb,,2,iPad,2021-10-01 21:54:03,
niek,The Kissing Booth 2,thumb,,2,iPad,2021-10-01 21:53:56,
niek,The Kissing Booth,thumb,,2,iPad,2021-10-01 21:53:51,
niek,The Perfect Date,thumb,,2,iPad,2021-10-01 21:53:32,
niek,YES DAY,thumb,,2,iPad,2021-10-01 21:52:31,
niek,Julie and the Phantoms,thumb,,2,iPad,2021-10-01 21:44:14,
niek,"Love, Rosie",thumb,,2,iPad,2021-10-01 21:43:23,
niek,Squid Game,thumb,,2,HTML 5,2021-09-30 19:44:21,
niek,Twilight,thumb,,2,iPhone,2021-09-24 21:28:55,
niek,Suicide Squad,thumb,,2,iPhone,2021-09-24 21:28:30,
niek,The Divergent Series: Insurgent,thumb,,2,iPhone,2021-09-24 21:28:09,
niek,Girls Trip,thumb,,2,Smart TV,2021-05-27 15:57:00,
niek,Work It,thumb,,0,Smart TV,2020-08-08 14:11:59,
niek,Ride Along 2,thumb,,2,iPhone,2020-03-02 22:09:36,
niek,Teen Titans Go!,thumb,,2,Smart TV,2019-03-17 09:11:08,
niek,Spy Kids 3: Game Over,thumb,,2,Smart TV,2018-05-29 12:41:30,
niek,Barbie Dolphin Magic,thumb,,2,iPad,2018-03-03 21:18:38,
niek,Luna Petunia,thumb,,0,Smart TV,2017-12-03 08:17:06,
niek,1 Chance 2 Dance,thumb,,0,Smart TV,2017-11-13 11:54:53,
niek,A Dogwalker's Christmas Tale,thumb,,0,Smart TV,2017-11-12 07:58:36,
niek,Free Birds,thumb,,2,Smart TV,2017-11-11 16:44:41,
niek,All Hail King Julien,thumb,,2,Smart TV,2017-09-02 09:56:02,
