Profile Name,Esn,Device Type,Acct First Playback Date,Acct Last Playback Date,Acct First Playback Date For User Generated Plays,Acct Last Playback Date For User Generated Plays,Profile First Playback Date,Profile Last Playback Date,Profile First Playback Date For User Generated Plays,Profile Last Playback Date For User Generated Plays,Deactivation Time
Kids,NFCDCH-AP-JKVKTRPYL8J0D7RM13AK3NYV6JJLT0,Netflix Android Phone-Chrome Android Phone,,,,,,,,,
Timo,NFCDCH-AP-JKVKTRPYL8J0D7RM13AK3NYV6JJLT0,Netflix Android Phone-Chrome Android Phone,,,,,,,,,
Laura,NFCDCH-AP-JKVKTRPYL8J0D7RM13AK3NYV6JJLT0,Netflix Android Phone-Chrome Android Phone,,,,,,,,,
hennie,NFCDCH-AP-JKVKTRPYL8J0D7RM13AK3NYV6JJLT0,Netflix Android Phone-Chrome Android Phone,,,,,,,,,
Laura,NFCDCH-02-JKVK9EYGJF8D8L5XTD6L32CXF37KMQ,Chrome PC (Cadmium),2022-09-23T14:56:55.476Z,2022-09-23T14:56:55.476Z,,,2022-09-23T14:56:55.476Z,2022-09-23T14:56:55.476Z,,,
Timo,NFCDCH-02-JKVK9EYGJF8D8L5XTD6L32CXF37KMQ,Chrome PC (Cadmium),2022-09-23T14:56:55.476Z,2022-09-23T14:56:55.476Z,,,,,,,
hennie,NFCDCH-02-JKVK9EYGJF8D8L5XTD6L32CXF37KMQ,Chrome PC (Cadmium),2022-09-23T14:56:55.476Z,2022-09-23T14:56:55.476Z,,,,,,,
Kids,NFCDCH-02-JKVK9EYGJF8D8L5XTD6L32CXF37KMQ,Chrome PC (Cadmium),2022-09-23T14:56:55.476Z,2022-09-23T14:56:55.476Z,,,,,,,
Laura,NFCDCH-MC-JCYQMGV3E7XTEDR5PJV2A9VNFH4RYP,Netflix Chrome MAC (Cadmium) HTML 5,2022-07-01T20:54:12.867Z,2022-09-17T16:26:06.092Z,2022-07-01T20:54:12.867Z,2022-09-15T20:21:28.588Z,2022-07-01T20:54:12.867Z,2022-09-17T16:26:06.092Z,2022-07-01T20:54:12.867Z,2022-09-15T20:21:28.588Z,
Timo,LGNLAN4OM100000000000000000000000000127450,Liberty Global LGI Horizon Apollo NL MVPD STB,,,,,,,,,
Laura,LGNLAN4OM100000000000000000000000000127450,Liberty Global LGI Horizon Apollo NL MVPD STB,,,,,,,,,
hennie,LGNLAN4OM100000000000000000000000000127450,Liberty Global LGI Horizon Apollo NL MVPD STB,,,,,,,,,
Kids,LGNLAN4OM100000000000000000000000000127450,Liberty Global LGI Horizon Apollo NL MVPD STB,,,,,,,,,
Timo,NFAPPL-01-IPAD11=3-AB89B1849561787CCDB030755E13DF790A2CA56AEC10B0E39F63DA4D45FED72D,Apple iPad Air 3rd Gen (Wi-Fi),2020-10-06T18:19:55.209Z,2022-09-10T07:21:44.291Z,2020-10-06T18:19:55.209Z,2022-09-10T07:21:44.291Z,2020-10-06T18:19:55.209Z,2022-09-10T07:21:44.291Z,2020-10-06T18:19:55.209Z,2022-09-10T07:21:44.291Z,
Laura,NFAPPL-01-IPAD6=11-738A57580122E4CB266CB5D6122DF40A2C7BA46FFDB01CEBC3AA390046364BC2,Apple iPad 5th Gen (Wi-Fi) iPad,2020-10-03T18:33:52.632Z,2022-09-03T17:28:10.380Z,2020-10-03T18:33:52.632Z,2022-09-03T17:28:10.380Z,2020-10-03T18:33:52.632Z,2022-09-03T17:28:10.380Z,2020-10-03T18:33:52.632Z,2022-09-03T17:28:10.380Z,
hennie,NFAPPL-01-IPAD6=11-738A57580122E4CB266CB5D6122DF40A2C7BA46FFDB01CEBC3AA390046364BC2,Apple iPad 5th Gen (Wi-Fi) iPad,2020-10-03T18:33:52.632Z,2022-09-03T17:28:10.380Z,2020-10-03T18:33:52.632Z,2022-09-03T17:28:10.380Z,,,,,
Kids,NFAPPL-01-IPAD6=11-738A57580122E4CB266CB5D6122DF40A2C7BA46FFDB01CEBC3AA390046364BC2,Apple iPad 5th Gen (Wi-Fi) iPad,2020-10-03T18:33:52.632Z,2022-09-03T17:28:10.380Z,2020-10-03T18:33:52.632Z,2022-09-03T17:28:10.380Z,,,,,
Timo,NFAPPL-01-IPAD6=11-738A57580122E4CB266CB5D6122DF40A2C7BA46FFDB01CEBC3AA390046364BC2,Apple iPad 5th Gen (Wi-Fi) iPad,2020-10-03T18:33:52.632Z,2022-09-03T17:28:10.380Z,2020-10-03T18:33:52.632Z,2022-09-03T17:28:10.380Z,2022-08-14T17:28:52.656Z,2022-08-14T17:45:47.800Z,2022-08-14T17:28:52.656Z,2022-08-14T17:45:47.800Z,
Laura,NFCDCH-02-FQ4W4TJ13V0MGCHHC1GC1W3UE3M8TC,Chrome PC (Cadmium),2022-01-15T18:14:13.220Z,2022-07-11T18:57:48.908Z,2022-01-15T18:14:13.220Z,2022-07-11T18:57:48.908Z,2022-06-02T17:40:50.456Z,2022-07-11T18:57:48.908Z,2022-06-02T17:41:40.289Z,2022-07-11T18:57:48.908Z,
hennie,NFCDCH-02-FQ4W4TJ13V0MGCHHC1GC1W3UE3M8TC,Chrome PC (Cadmium),2022-01-15T18:14:13.220Z,2022-07-11T18:57:48.908Z,2022-01-15T18:14:13.220Z,2022-07-11T18:57:48.908Z,,,,,
Kids,NFCDCH-02-FQ4W4TJ13V0MGCHHC1GC1W3UE3M8TC,Chrome PC (Cadmium),2022-01-15T18:14:13.220Z,2022-07-11T18:57:48.908Z,2022-01-15T18:14:13.220Z,2022-07-11T18:57:48.908Z,,,,,
Timo,NFCDCH-02-FQ4W4TJ13V0MGCHHC1GC1W3UE3M8TC,Chrome PC (Cadmium),2022-01-15T18:14:13.220Z,2022-07-11T18:57:48.908Z,2022-01-15T18:14:13.220Z,2022-07-11T18:57:48.908Z,2022-01-15T18:14:13.220Z,2022-07-10T08:31:39.892Z,2022-01-15T18:14:13.220Z,2022-07-10T08:31:39.892Z,
Laura,GOOGLUT0010000000000000004584416,Google Chromecast V4 Streaming Stick,2020-10-03T18:47:56.032Z,2022-07-08T18:52:41.598Z,2020-10-03T18:47:56.032Z,2022-07-08T18:52:41.598Z,2020-11-27T18:24:39.900Z,2022-07-08T18:52:41.598Z,2020-11-27T18:24:39.900Z,2022-07-08T18:52:41.598Z,
Timo,NFCDCH-MC-JCYQMGV3E7XTEDR5PJV2A9VNFH4RYP,Netflix Chrome MAC (Cadmium) HTML 5,2022-07-01T20:54:12.867Z,2022-09-17T16:26:06.092Z,2022-07-01T20:54:12.867Z,2022-09-15T20:21:28.588Z,,,,,
hennie,NFCDCH-MC-JCYQMGV3E7XTEDR5PJV2A9VNFH4RYP,Netflix Chrome MAC (Cadmium) HTML 5,2022-07-01T20:54:12.867Z,2022-09-17T16:26:06.092Z,2022-07-01T20:54:12.867Z,2022-09-15T20:21:28.588Z,,,,,
Kids,NFCDCH-MC-JCYQMGV3E7XTEDR5PJV2A9VNFH4RYP,Netflix Chrome MAC (Cadmium) HTML 5,2022-07-01T20:54:12.867Z,2022-09-17T16:26:06.092Z,2022-07-01T20:54:12.867Z,2022-09-15T20:21:28.588Z,,,,,
Laura,NFCDCH-MC-HM20ZH4QU5XDFN9Q2F2TF86E0FY9L3,Netflix Chrome MAC (Cadmium) HTML 5,2021-09-14T20:20:10.945Z,2022-06-30T20:33:23.015Z,2021-09-14T20:21:45.743Z,2022-06-30T20:33:23.015Z,2021-09-14T20:20:10.945Z,2022-06-30T20:33:23.015Z,2021-09-14T20:21:45.743Z,2022-06-30T20:33:23.015Z,
Laura,NFCDCH-02-J1ZLT59FR4WGVM1QL12Y0NY55EXA4P,Chrome PC (Cadmium),2022-03-02T20:10:24.270Z,2022-06-30T10:58:27.803Z,2022-05-31T15:42:46.502Z,2022-06-30T10:58:27.803Z,2022-03-02T20:10:24.270Z,2022-06-30T10:58:27.803Z,2022-05-31T15:42:46.502Z,2022-06-30T10:58:27.803Z,
Laura,NFAPPL-01-IPAD11=3-AB89B1849561787CCDB030755E13DF790A2CA56AEC10B0E39F63DA4D45FED72D,Apple iPad Air 3rd Gen (Wi-Fi),2020-10-06T18:19:55.209Z,2022-09-10T07:21:44.291Z,2020-10-06T18:19:55.209Z,2022-09-10T07:21:44.291Z,2020-11-30T17:30:39.838Z,2022-06-04T13:30:24.792Z,2020-11-30T17:30:39.838Z,2022-06-04T13:30:24.792Z,
hennie,NFAPPL-01-IPAD11=3-AB89B1849561787CCDB030755E13DF790A2CA56AEC10B0E39F63DA4D45FED72D,Apple iPad Air 3rd Gen (Wi-Fi),2020-10-06T18:19:55.209Z,2022-09-10T07:21:44.291Z,2020-10-06T18:19:55.209Z,2022-09-10T07:21:44.291Z,,,,,
Kids,NFAPPL-01-IPAD11=3-AB89B1849561787CCDB030755E13DF790A2CA56AEC10B0E39F63DA4D45FED72D,Apple iPad Air 3rd Gen (Wi-Fi),2020-10-06T18:19:55.209Z,2022-09-10T07:21:44.291Z,2020-10-06T18:19:55.209Z,2022-09-10T07:21:44.291Z,,,,,
Timo,NFCDCH-02-J1ZLT59FR4WGVM1QL12Y0NY55EXA4P,Chrome PC (Cadmium),2022-03-02T20:10:24.270Z,2022-06-30T10:58:27.803Z,2022-05-31T15:42:46.502Z,2022-06-30T10:58:27.803Z,,,,,
Timo,NFCDCH-02-J9DEUWUCER2HXTQ9PNXP5Q8R79NWT9,Chrome PC (Cadmium),,,,,,,,,
Laura,NFCDCH-02-J9DEUWUCER2HXTQ9PNXP5Q8R79NWT9,Chrome PC (Cadmium),,,,,,,,,
hennie,NFCDCH-02-J9DEUWUCER2HXTQ9PNXP5Q8R79NWT9,Chrome PC (Cadmium),,,,,,,,,
Kids,NFCDCH-02-J9DEUWUCER2HXTQ9PNXP5Q8R79NWT9,Chrome PC (Cadmium),,,,,,,,,
Timo,NFCDCH-02-J1WTGFDVD02JGDNJKCC7EMKL9EP9TN,Chrome PC (Cadmium),2022-03-01T18:29:33.907Z,2022-03-01T18:29:33.907Z,2022-03-01T18:29:33.907Z,2022-03-01T18:29:33.907Z,2022-03-01T18:29:33.907Z,2022-03-01T18:29:33.907Z,2022-03-01T18:29:33.907Z,2022-03-01T18:29:33.907Z,
Timo,NFANDROID1-PRV-P-ONEPLAC2003-18054-04B6FD282042C139C20A03C31A4808720E71A036A741D1E1E6DAF86060D06C3E7,DefaultWidevineAndroidPhone,2021-09-19T10:04:15.808Z,2022-02-11T18:10:59.750Z,2021-09-19T10:04:15.808Z,2022-02-11T18:10:59.750Z,2021-09-19T10:04:15.808Z,2022-02-11T18:10:59.750Z,2021-09-19T10:04:15.808Z,2022-02-11T18:10:59.750Z,
Timo,NFCDCH-02-HY63NEVPE9D7LD4NNVA7FRWF2M6FMY,Chrome PC (Cadmium),,,,,,,,,
Timo,GOOGLUT0010000000000000003375207,Google Chromecast V4 Streaming Stick,2022-01-05T19:25:53.844Z,2022-01-09T21:13:00.851Z,2022-01-05T19:25:53.844Z,2022-01-09T21:13:00.851Z,2022-01-05T19:25:53.844Z,2022-01-09T21:13:00.851Z,2022-01-05T19:25:53.844Z,2022-01-09T21:13:00.851Z,
Timo,GOOGLUT0010000000000000004584416,Google Chromecast V4 Streaming Stick,2020-10-03T18:47:56.032Z,2022-07-08T18:52:41.598Z,2020-10-03T18:47:56.032Z,2022-07-08T18:52:41.598Z,2020-10-03T18:47:56.032Z,2021-12-31T17:23:22.360Z,2020-10-03T18:47:56.032Z,2021-12-31T17:23:22.360Z,
Laura,NFCDCH-02-HV97C4163PR799QNCMGG8YXJU8WR50,Chrome PC (Cadmium),2021-12-11T12:46:46.769Z,2021-12-20T10:47:54.068Z,2021-12-20T10:47:54.068Z,2021-12-20T10:47:54.068Z,2021-12-11T12:46:46.769Z,2021-12-20T10:47:54.068Z,2021-12-20T10:47:54.068Z,2021-12-20T10:47:54.068Z,
Timo,NFCDCH-02-HV97C4163PR799QNCMGG8YXJU8WR50,Chrome PC (Cadmium),2021-12-11T12:46:46.769Z,2021-12-20T10:47:54.068Z,2021-12-20T10:47:54.068Z,2021-12-20T10:47:54.068Z,,,,,
Timo,NFCDCH-MC-HM20ZH4QU5XDFN9Q2F2TF86E0FY9L3,Netflix Chrome MAC (Cadmium) HTML 5,2021-09-14T20:20:10.945Z,2022-06-30T20:33:23.015Z,2021-09-14T20:21:45.743Z,2022-06-30T20:33:23.015Z,2021-10-03T17:33:13.724Z,2021-10-05T20:13:23.670Z,2021-10-03T17:33:21.521Z,2021-10-05T20:13:23.670Z,
Laura,NFCDCH-MC-HCGN4VDY8T9E8NYQ9CGU0C0J2QRVF8,Netflix Chrome MAC (Cadmium) HTML 5,2021-06-04T19:14:42.607Z,2021-09-12T19:52:29.416Z,2021-06-04T19:14:42.607Z,2021-09-12T19:52:29.416Z,2021-06-04T19:14:42.607Z,2021-09-12T19:52:29.416Z,2021-06-04T19:14:42.607Z,2021-09-12T19:52:29.416Z,
Laura,NFCDCH-MC-GXW0PXNL808CPXNHMFX1AURJRMQV0W,Netflix Chrome MAC (Cadmium) HTML 5,2020-12-19T13:41:04.732Z,2021-05-30T17:48:56.689Z,2020-12-19T13:41:04.732Z,2021-05-30T17:48:56.689Z,2020-12-19T13:41:04.732Z,2021-05-30T17:48:56.689Z,2020-12-19T13:41:04.732Z,2021-05-30T17:48:56.689Z,
Laura,NFCDCH-02-H15YCA7T76QPDYG6TLH3PMH6KECVP6,Chrome PC (Cadmium),2021-01-28T17:51:10.183Z,2021-03-23T20:07:41.351Z,2021-01-28T17:51:10.183Z,2021-03-23T20:07:41.351Z,2021-01-28T17:51:10.183Z,2021-03-23T20:07:41.351Z,2021-01-28T17:51:10.183Z,2021-03-23T20:07:41.351Z,
Laura,NFCDCH-MC-G0TN29U1Y4881F9H84JK9HRMXHJWDX,Netflix Chrome MAC (Cadmium) HTML 5,2020-09-23T20:10:25.491Z,2020-12-18T16:33:58.112Z,2020-09-23T20:10:25.491Z,2020-12-18T16:33:58.112Z,2020-09-23T20:10:25.491Z,2020-12-18T16:33:58.112Z,2020-09-23T20:10:25.491Z,2020-12-18T16:33:58.112Z,
Timo,NFCDCH-02-H760YCF0007JWE8PYLHG9MW495F2N9,Chrome PC (Cadmium),,,,,,,,,
Timo,NFCDCH-02-GG9WVY8HN09YNTM0UU85E208UPJKQ5,Chrome PC (Cadmium),,,,,,,,,
Timo,NFCDCH-MC-FL4U7DRXC7CH09HUFQE9J5UU8V1MTV,Netflix Chrome MAC (Cadmium) HTML 5,,,,,,,,,
Timo,NFCDCH-02-FAV6QE73R26M5WHRLKV0G0M2QG91U3,Chrome PC (Cadmium),,,,,,,,,
Timo,NFCDCH-02-FDM9N8PCDJHTXXRRGRAE8PUMTU29F8,Chrome PC (Cadmium),,,,,,,,,
Timo,NFCDCH-02-FGY3GMY4UWG39YRT3V2JTU2CCC94C6,Chrome PC (Cadmium),,,,,,,,,
Timo,NFCDCH-02-FDZ125KGT715G7FHRTUEJFFVRX5KYR,Chrome PC (Cadmium),,,,,,,,,
Timo,NFCDCH-02-F9E7KDU3J1JK9APMV485UV4EPC2TN2,Chrome PC (Cadmium),,,,,,,,,
Timo,NFCDCH-02-F8EANA9AXUC66K95EK57WCXV81LD34,Chrome PC (Cadmium),,,,,,,,,
Timo,NFCDCH-02-ETUGPT0FEMT29UK3CCXE59KCCTTG82,Chrome PC (Cadmium),,,,,,,,,
Timo,NFANDROID1-PRV-P-L3-ONEPLONEPLUS=A5010-7283-06EFBC8BFC12CE6F2F3D0E9D45738A81115217A1DA28F8A0EA2E231DC542FA5F0,Android DefaultWidevineL3Phone Android Phone,,,,,,,,,
Timo,NFCDCH-02-F1JLG084Y4VRR2H63X0D14UGRDF0AF,Chrome PC (Cadmium),,,,,,,,,
Timo,NFCDCH-02-E9L9H6F90611F19HXFCV50XUTWT1JA,Chrome PC (Cadmium),,,,,,,,,
Timo,NFCDCH-02-DR6MMKJ192U3NDW8E1WPE6MV0Q5GAA,Chrome PC (Cadmium),,,,,,,,,
Timo,NFCDCH-02-EPJ0CAFCJ9DRC2WY1X3312Y7VR1UNY,Chrome PC (Cadmium),,,,,,,,,
Timo,NFANDROID1-PRV-P-L3-ONEPLONEPLUS=A5010-4445-044D19BCF4596F9129AD53D048E2E4F94B20B35CCA92C3771EE62B86AA4BB4AE7,Android DefaultWidevineL3Phone Android Phone,,,,,,,,,
Timo,NFANDROID1-PRV-P-L3-ONEPLONEPLUS=A5010-4445-0BFFA12C19BCB8CA11B5A7817EE4D99946546B88C4891E91161CDFDDD4C81ECC7,Android DefaultWidevineL3Phone Android Phone (OnePlus_ONEPLUS A5010),,,,,,,,,
Timo,NFCDCH-02-D1LEXHA334M0L3XXY5X10EQ7GCFXDN,Chrome PC (Cadmium),,,,,,,,,
Timo,NFCDCH-02-D5H0XYQE1L83H69DX7ECHWJYHA7188,Chrome PC (Cadmium),,,,,,,,,
Timo,NFCDCH-02-DLNMCKEDD0JULEHDD29TYP878LHPKK,Chrome PC (Cadmium),,,,,,,,,
Timo,NFCDCH-MC-CZH5DE6GXN6M0XL86YQJPGAUWND559,Netflix Chrome MAC (Cadmium) HTML 5,,,,,,,,,
Timo,NFCDCH-02-CYZTVLKNRRDPTQ63UWW5JG0KYL8QTQ,Chrome PC (Cadmium),,,,,,,,,
Timo,NFCDCH-02-D14F2ECTWQY6ER5WG4Q1R9NJL2896G,Chrome PC (Cadmium),,,,,,,,,
