"Profile Name","Email Address","Profile Creation Time","Maturity Level","Primary Lang","Has Auto Playback","Max Stream Quality","Profile Lock Enabled","Profile Transferred","Profile Transfer Time"
"hennie","","2017-01-31T19:12:17Z","1000000","en-NL","true","UNSPECIFIED","false","",""
"Laura","","2016-10-01T16:42:50Z","1000000","en-NL","true","UNSPECIFIED","false","",""
"Kids","","2016-10-01T16:42:15Z","70","en-NL","true","UNSPECIFIED","false","",""
"Timo","t.brakenhoff@gmail.com","2016-10-01T16:33:46Z","1000000","en-NL","true","UNSPECIFIED","false","",""
