Profile Name,Show,Has Watched,Is Interested,Event Date
hennie,Orange Is the New Black,true,false,2017-01-31
hennie,Homeland,true,false,2017-01-31
hennie,House of Cards,true,false,2017-01-31
Laura,Homeland,true,false,2016-10-01
Laura,New Girl,true,false,2016-10-01
Laura,Gossip Girl,true,false,2016-10-01
Laura,Suits,true,false,2016-10-01
Timo,How I Met Your Mother,true,false,2016-10-01
Timo,Narcos,true,false,2016-10-01
Timo,Suits,true,false,2016-10-01
Timo,New Girl,true,false,2016-10-01
Timo,Family Guy,true,false,2016-10-01
Timo,Breaking Bad,true,false,2016-10-01
Timo,House of Cards,true,false,2016-10-01
Timo,Prison Break,true,false,2016-10-01
Timo,Homeland,true,false,2016-10-01
