Profile Name,Title Name,Country,Utc Title Add Date
Timo,The Gray Man,Netherlands,2022-07-26
Timo,My Octopus Teacher,Netherlands,2022-07-17
Timo,Squid Game,Netherlands,2022-07-17
Timo,The Billion Dollar Code,Netherlands,2022-07-17
Laura,Untouchable,Netherlands,2022-09-15
Laura,The Fall,Netherlands,2022-09-15
Laura,My Best Friend Anne Frank,Netherlands,2022-09-15
Laura,Merlí. Sapere Aude,Netherlands,2022-09-05
Laura,Partner Track,Netherlands,2022-08-31
Laura,Wedding Season,Netherlands,2022-08-04
Laura,Trainwreck: Woodstock '99,Netherlands,2022-08-03
Laura,Rebel Cheer Squad: A Get Even Series,Netherlands,2022-07-30
Laura,The Gray Man,Netherlands,2022-07-26
Laura,Persuasion,Netherlands,2022-07-15
Laura,Under the Amalfi Sun,Netherlands,2022-07-14
Laura,First Class,Netherlands,2022-07-09
Laura,The Hidden Lives of Pets,Netherlands,2022-07-05
Laura,Love & Gelato,Netherlands,2022-06-22
Laura,First Kill,Netherlands,2022-06-12
Laura,The Takedown,Netherlands,2022-05-28
Laura,A Perfect Pairing,Netherlands,2022-05-19
Laura,Senior Year,Netherlands,2022-05-14
Laura,Bling Empire,Netherlands,2022-05-13
Laura,Workin' Moms,Netherlands,2022-05-11
Laura,The Royals,Netherlands,2022-05-05
Laura,Our Great National Parks,Netherlands,2022-04-13
Laura,Bridgerton,Netherlands,2022-03-26
Laura,Standing Up,Netherlands,2022-03-19
Laura,"Young, Famous & African",Netherlands,2022-03-18
Laura,Bohemian Rhapsody,Netherlands,2022-03-16
Laura,Taboo,Netherlands,2022-03-13
Laura,The Andy Warhol Diaries,Netherlands,2022-03-10
Laura,The Weekend Away,Netherlands,2022-03-10
Laura,An Astrological Guide for Broken Hearts,Netherlands,2022-03-08
Laura,Easy,Netherlands,2022-03-07
Laura,Someone Has to Die,Netherlands,2022-03-06
Laura,Midnight at the Pera Palace,Netherlands,2022-03-05
Laura,Meskina,Netherlands,2022-03-04
Laura,The Parisian Agency: Exclusive Properties,Netherlands,2022-03-03
Laura,Back to 15,Netherlands,2022-03-02
Laura,Maid,Netherlands,2022-03-02
Laura,Summertime,Netherlands,2022-03-02
Laura,Operation Varsity Blues: The College Admissions Scandal,Netherlands,2022-02-22
Laura,Focus,Netherlands,2022-02-21
Laura,Dirty John,Netherlands,2022-02-20
Laura,One of Us Is Lying,Netherlands,2022-02-18
Laura,Inventing Anna,Netherlands,2022-02-13
Laura,Resort to Love,Netherlands,2022-02-08
Laura,The Royal Treatment,Netherlands,2022-02-03
Laura,In From the Cold,Netherlands,2022-01-31
Laura,Get Even,Netherlands,2022-01-30
Laura,I Am Georgina,Netherlands,2022-01-27
Laura,Four to Dinner,Netherlands,2022-01-18
Laura,Bonus Family,Netherlands,2022-01-09
Laura,Rebelde,Netherlands,2022-01-09
Laura,Luna Park,Netherlands,2022-01-09
Laura,F*ck de Liefde,Netherlands,2022-01-02
Laura,Luther,Netherlands,2022-01-01
Laura,Gone for Good,Netherlands,2022-01-01
Laura,The Hook Up Plan,Netherlands,2022-01-01
Laura,Kitz,Netherlands,2022-01-01
Laura,Manifest,Netherlands,2021-12-31
Laura,Elite,Netherlands,2021-12-29
Laura,Don't Look Up,Netherlands,2021-12-24
Laura,Elite Short Stories: Patrick,Netherlands,2021-12-23
Laura,Emily in Paris,Netherlands,2021-12-22
Laura,WHAT / IF,Netherlands,2021-12-21
Laura,No Such Thing as Housewives,Netherlands,2021-12-20
Laura,Soundtrack,Netherlands,2021-12-20
Laura,De Belofte van Pisa,Netherlands,2021-12-20
Laura,The Forgotten Battle,Netherlands,2021-12-20
Laura,Selling Tampa,Netherlands,2021-12-15
Laura,Ferry,Netherlands,2021-12-11
Laura,Undercover,Netherlands,2021-12-11
Laura,Tales of the City,Netherlands,2021-12-07
Laura,Girls from Ipanema,Netherlands,2021-12-04
Laura,The Great Beauty,Netherlands,2021-12-04
Laura,Behind Her Eyes,Netherlands,2021-11-28
Laura,Selling Sunset,Netherlands,2021-11-24
Laura,Wonder Boy,Netherlands,2021-11-19
Laura,Falling Inn Love,Netherlands,2021-11-17
Laura,Afterlife of the Party,Netherlands,2021-11-14
Laura,A California Christmas,Netherlands,2021-11-14
Laura,The Club,Netherlands,2021-11-11
Laura,Home for Christmas,Netherlands,2021-11-10
Laura,Narcos: Mexico,Netherlands,2021-11-07
Laura,A Suitable Boy,Netherlands,2021-11-01
Laura,An Astrological Guide for Broken Hearts,Netherlands,2021-10-31
Laura,On the Verge,Netherlands,2021-10-22
Laura,Stuck Together,Netherlands,2021-10-22
Laura,Pose,Netherlands,2021-09-24
Laura,Sex Education,Netherlands,2021-09-24
Laura,JJ+E,Netherlands,2021-09-12
Laura,Lupin,Netherlands,2021-08-25
Laura,The Chair,Netherlands,2021-08-21
Laura,Valeria,Netherlands,2021-08-13
Laura,The Kissing Booth 3,Netherlands,2021-08-11
Laura,Singapore Social,Netherlands,2021-08-03
Laura,Outer Banks,Netherlands,2021-07-30
Laura,My Unorthodox Life,Netherlands,2021-07-30
Laura,How to Sell Drugs Online (Fast),Netherlands,2021-07-28
Laura,Never Have I Ever,Netherlands,2021-07-15
Laura,Virgin River,Netherlands,2021-07-09
Laura,Atypical,Netherlands,2021-07-09
Laura,This Little Love of Mine,Netherlands,2021-07-08
Laura,Young Royals,Netherlands,2021-07-01
Laura,StartUp,Netherlands,2021-07-01
Laura,Sex/Life,Netherlands,2021-06-28
Laura,Good on Paper,Netherlands,2021-06-28
Laura,The Parisian Agency: Exclusive Properties,Netherlands,2021-06-26
Laura,Elite,Netherlands,2021-06-18
Laura,Lupin,Netherlands,2021-06-16
Laura,Workin' Moms,Netherlands,2021-06-16
