Profile Name,Country Iso Code,Device,Is Kids,Query Typed,Displayed Name,Action,Section,Utc Timestamp
Timo,NL,iPad,0,,,select,prequery_results,2022-08-23 18:30:19
Timo,NL,iPad,0,call,,select,title_results,2022-07-31 15:51:36
Timo,NL,iPad,0,squid ga,,add,title_results,2022-07-17 11:53:54
Timo,NL,iPad,0,squid ga,,select,title_results,2022-07-17 11:53:52
Timo,NL,iPad,0,octopus,My Octopus Teacher,add,title_results,2022-07-17 11:53:37
Timo,NL,iPad,0,octopus,My Octopus Teacher,select,title_results,2022-07-17 11:53:36
Timo,NL,iPad,0,call my,,select,title_results,2022-07-17 11:43:40
Timo,NL,iPad,0,call my,,select,title_results,2022-07-17 11:43:33
Timo,NL,iPad,0,better,"Breaking Bad: Season 1: ""The Cat's in the Bag""",play,title_results,2022-06-26 19:13:51
Timo,NL,iPad,0,better,,select,title_results,2022-06-26 19:13:40
Timo,NL,iPad,0,better,"Breaking Bad: Season 1: ""Pilot""",play,title_results,2022-06-26 15:39:37
Timo,NL,iPad,0,better,,select,title_results,2022-06-26 15:39:21
Timo,NL,iPad,0,better,,select,title_results,2022-06-26 15:38:56
Timo,NL,iPad,0,my octopus teacher,My Octopus Teacher,select,title_results,2022-03-26 08:46:27
Timo,NL,iPad,0,the billion ,,select,title_results,2022-03-26 08:46:03
Timo,NL,iPad,0,inside,Bo Burnham: Inside,play,title_results,2022-03-12 22:17:30
Timo,NL,iPad,0,inside,Bo Burnham: Inside,select,title_results,2022-03-12 22:17:22
Timo,NL,Android Phone,0,selling sunset,,select,title_results,2022-02-11 18:10:43
Timo,US,iPad,0,ferry,Ferry,select,title_results,2022-01-05 19:25:32
Timo,US,iPad,0,ferry,Ferry,select,title_results,2022-01-05 18:20:19
Timo,NL,iPad,0,serpe,,select,title_results,2021-10-20 19:05:51
Timo,US,iPad,0,parks recrea,,select,suggestion_results,2021-09-19 18:12:20
Timo,NL,iPad,0,suits,"Suits: Season 1: ""Errors and Omissions""",play,title_results,2021-08-24 20:00:04
Timo,NL,iPad,0,suits,"Suits: Season 1: ""Pilot Part 1 & 2""",play,title_results,2021-08-24 19:50:57
Timo,NL,iPad,0,suits,"Suits: Season 1: ""Pilot Part 1 & 2""",play,title_results,2021-08-24 17:53:53
Timo,NL,iPad,0,suits,,select,title_results,2021-08-24 17:53:48
Timo,NL,Android Phone,0,suits,,select,title_results,2021-08-24 17:51:18
Timo,NL,Android Phone,0,suits,,select,title_results,2021-08-24 17:51:17
Timo,NL,Android Phone,0,suits,,select,title_results,2021-08-24 17:51:13
Timo,NL,iPad,0,burnh,Bo Burnham: Inside,play,,2021-06-20 12:19:40
Timo,NL,iPad,0,burnh,Bo Burnham: Inside,select,,2021-06-20 12:19:35
Timo,NL,iPad,0,quee,"The Queen's Gambit: Limited Series: ""Openings""",play,,2021-02-24 17:36:08
Timo,NL,iPad,0,quee,,select,,2021-02-24 17:35:58
Timo,NL,iPad,0,lupi,"Lupin: Part 1: ""Chapter 1""",play,,2021-02-20 20:32:58
Timo,NL,iPad,0,lupi,,select,,2021-02-20 20:32:51
Timo,NL,iPad,0,,Force of Nature,select,,2020-11-15 20:59:01
Timo,NL,iPad,0,aty,"Atypical: Season 1: ""Antarctica""",play,,2020-11-15 19:27:55
Timo,NL,iPad,0,aty,,select,,2020-11-15 19:27:41
Timo,NL,iPad,0,rona,Ronald Goedemondt: De R van Ronald,play,,2020-09-06 13:10:09
Timo,NL,iPad,0,rona,Ronald Goedemondt: De R van Ronald,select,,2020-09-06 13:10:02
Timo,NL,iPad,0,goede,Ronald Goedemondt - Geen Sprake Van,play,,2020-09-03 16:53:23
Timo,NL,iPad,0,goede,Ronald Goedemondt - Geen Sprake Van,play,,2020-09-02 17:23:43
Timo,NL,iPad,0,goede,Ronald Goedemondt - Geen Sprake Van,select,,2020-09-02 17:23:37
Timo,US,iPad,0,offic,"The Office (U.S.): Season 9: ""Livin' the Dream""",play,,2020-08-28 18:05:12
Timo,US,iPad,0,offic,,select,,2020-08-28 18:03:28
Timo,NL,iPad,0,enola,Enola Holmes,select,,2020-08-26 11:03:31
Timo,NL,iPad,0,fauda,,select,,2020-08-18 17:04:04
Timo,US,iPad,0,offi,"The Office (U.S.): Season 8: ""Fundraiser""",play,,2020-08-17 20:46:55
Timo,US,iPad,0,offi,"The Office (U.S.): Season 8: ""Angry Andy""",play,,2020-08-17 19:56:37
Timo,US,iPad,0,offi,,select,,2020-08-17 19:56:34
Timo,US,iPad,0,offi,"The Office (U.S.): Season 8: ""Last Day in Florida""",play,,2020-08-16 16:44:27
Timo,US,iPad,0,offi,,select,,2020-08-16 16:44:26
Timo,US,iPad,0,offic,"The Office (U.S.): Season 8: ""Last Day in Florida""",play,,2020-08-16 12:59:48
Timo,US,iPad,0,offic,"The Office (U.S.): Season 8: ""Test the Store""",play,,2020-08-16 11:48:48
Timo,US,iPad,0,offic,"The Office (U.S.): Season 8: ""Special Project""",play,,2020-08-16 09:30:23
Timo,US,iPad,0,offic,,select,,2020-08-16 09:30:10
Timo,US,iPad,0,offic,"The Office (U.S.): Season 8: ""Pool Party""",play,,2020-08-15 12:59:19
Timo,US,iPad,0,offic,"The Office (U.S.): Season 8: ""Trivia""",play,,2020-08-15 11:52:47
Timo,US,iPad,0,offic,"The Office (U.S.): Season 8: ""Christmas Wishes""",play,,2020-08-15 11:32:05
Timo,US,iPad,0,offic,,select,,2020-08-15 11:32:01
Timo,US,iPad,0,offi,"The Office (U.S.): Season 8: ""Christmas Wishes""",play,,2020-08-14 17:14:44
Timo,US,iPad,0,offi,,select,,2020-08-14 17:14:38
Timo,US,iPad,0,off,,select,,2020-08-14 17:13:56
Timo,US,iPad,0,offic,"The Office (U.S.): Season 8: ""Doomsday""",play,,2020-08-12 05:59:56
Timo,US,iPad,0,offic,,select,,2020-08-12 05:58:41
Timo,US,iPad,0,offic,"The Office (U.S.): Season 8: ""Garden Party""",play,,2020-08-11 17:59:42
Timo,US,iPad,0,offic,,select,,2020-08-11 17:59:37
Timo,US,iPad,0,office,"The Office (U.S.): Season 8: ""The Incentive""",play,,2020-08-10 16:02:33
Timo,US,iPad,0,office,,select,,2020-08-10 16:02:24
Timo,US,iPad,0,offi,"The Office (U.S.): Season 7: ""The Search""",play,,2020-08-05 19:31:23
Timo,US,iPad,0,offi,,select,,2020-08-05 19:31:21
Timo,US,iPad,0,office,,select,,2020-08-05 19:28:11
Timo,US,iPad,0,office,,select,,2020-08-05 19:27:34
Timo,US,iPad,0,offic,"The Office (U.S.): Season 7: ""The Search""",play,,2020-08-05 16:24:51
Timo,US,iPad,0,offic,"The Office (U.S.): Season 7: ""The Seminar""",play,,2020-08-05 16:21:06
Timo,US,iPad,0,offic,,select,,2020-08-05 16:21:03
Timo,US,iPad,0,office,"The Office (U.S.): Season 7: ""Classy Christmas: Part 1""",play,,2020-08-03 20:47:16
Timo,US,iPad,0,office,,select,,2020-08-03 20:47:12
Timo,US,iPad,0,offi,"The Office (U.S.): Season 6: ""Double Date""",play,,2020-07-28 15:03:08
Timo,US,iPad,0,offi,,select,,2020-07-28 15:03:02
Timo,US,iPad,0,offic,,select,,2020-07-28 15:02:04
Timo,US,iPad,0,offic,,select,,2020-07-20 08:24:51
Timo,US,iPad,0,offi,"The Office (U.S.): Season 5: ""Frame Toby""",play,,2020-07-18 08:27:49
Timo,US,iPad,0,offi,,select,,2020-07-18 08:27:46
Timo,US,iPad,0,offic,"The Office (U.S.): Season 5: ""Business Trip""",play,,2020-07-17 20:02:25
Timo,US,iPad,0,offic,,select,,2020-07-17 20:02:21
Timo,US,iPad,0,offi,"The Office (U.S.): Season 5: ""Business Ethics""",play,,2020-07-16 09:33:50
Timo,US,iPad,0,offi,,select,,2020-07-16 09:33:47
Timo,US,iPad,0,offic,"The Office (U.S.): Season 5: ""Weight Loss: Part 1""",play,,2020-07-16 08:23:47
Timo,US,iPad,0,offic,,select,,2020-07-16 08:23:40
Timo,NL,iPad,0,gooi,Gooische Vrouwen,select,,2020-07-15 21:02:56
Timo,US,iPad,0,offic,"The Office (U.S.): Season 4: ""Job Fair""",play,,2020-07-15 07:57:02
Timo,US,iPad,0,offic,,select,,2020-07-15 07:56:54
Timo,US,iPad,0,off,"The Office (U.S.): Season 4: ""Night Out""",play,,2020-07-14 15:52:43
Timo,US,iPad,0,off,,select,,2020-07-14 15:52:34
Timo,US,iPad,0,office,"The Office (U.S.): Season 4: ""The Deposition""",play,,2020-07-12 20:02:27
Timo,US,iPad,0,office,"The Office (U.S.): Season 4: ""Survivor Man""",play,,2020-07-12 16:46:18
Timo,US,iPad,0,office,"The Office (U.S.): Season 4: ""Local Ad""",play,,2020-07-12 09:53:02
Timo,US,iPad,0,office,,select,,2020-07-12 09:53:00
Timo,US,iPad,0,office,"The Office (U.S.): Season 4: ""Money""",play,,2020-07-11 22:00:27
Timo,US,iPad,0,office,,select,,2020-07-11 22:00:24
Timo,US,iPad,0,office,,select,,2020-07-11 13:51:18
Timo,US,iPad,0,offi,"The Office (U.S.): Season 3: ""Beach Games""",play,,2020-07-10 18:42:39
Timo,US,iPad,0,offi,,select,,2020-07-10 18:42:37
Timo,US,iPad,0,off,,select,,2020-07-10 14:56:22
Timo,US,iPad,0,offic,"The Office (U.S.): Season 3: ""Business School""",play,,2020-07-08 16:31:52
Timo,US,iPad,0,offic,,select,,2020-07-08 16:31:34
Timo,US,iPad,0,off,"The Office (U.S.): Season 3: ""The Return""",play,,2020-07-08 08:58:26
Timo,US,iPad,0,off,,select,,2020-07-08 08:58:18
Timo,US,iPad,0,offi,"The Office (U.S.): Season 3: ""The Return""",play,,2020-07-06 19:07:56
Timo,US,iPad,0,offi,,select,,2020-07-06 19:07:39
Timo,NL,iPad,0,borgr,,select,,2020-07-01 19:40:19
Timo,NL,iPad,0,ronald. ,Ronald Goedemondt - Geen Sprake Van,play,,2020-06-28 19:09:54
Timo,NL,iPad,0,ronald. ,Ronald Goedemondt - Geen Sprake Van,select,,2020-06-28 19:09:52
Timo,US,iPad,0,office,"The Office (U.S.): Season 2: ""Take Your Daughter to Work Day""",play,,2020-06-21 21:00:38
Timo,US,iPad,0,office,,select,,2020-06-21 21:00:21
Timo,NL,iPad,0,undercover,,select,,2020-06-19 18:58:47
Timo,US,iPad,0,off,"The Office (U.S.): Season 2: ""Dwight's Speech""",play,,2020-06-17 21:04:23
Timo,US,iPad,0,off,,select,,2020-06-17 21:04:05
Timo,US,iPad,0,offi,"The Office (U.S.): Season 2: ""The Secret""",play,,2020-06-12 20:36:23
Timo,US,iPad,0,offi,"The Office (U.S.): Season 2: ""The Injury""",play,,2020-06-12 20:11:48
Timo,US,iPad,0,offi,,select,,2020-06-12 20:11:41
Timo,US,iPad,0,office,"The Office (U.S.): Season 2: ""Performance Review""",play,,2020-06-07 20:29:28
Timo,US,iPad,0,office,,select,,2020-06-07 20:29:22
Timo,US,iPad,0,offi,"The Office (U.S.): Season 2: ""The Dundies""",play,,2020-06-05 21:02:56
Timo,US,iPad,0,offi,,select,,2020-06-05 20:39:28
Timo,NL,iPad,0,tiger,,select,,
Timo,NL,iPad,0,expl,,select,,
Timo,NL,iPad,0,expl,,select,,
Timo,NL,iPad,0,daniel arends,Daniël Arends: Blessuretijd,select,,
Timo,NL,iPad,0,daniel arends,Daniël Arends: De Zachte Heelmeester,select,,
Timo,NL,iPad,0,daniel arends,Daniël Arends: Carte Blanche,select,,
Timo,NL,iPad,0,daniel arends,Daniël Arends: Carte Blanche,select,,
Timo,NL,Android Phone,0,rona,Ronald Goedemondt - Geen Sprake Van,select,,
Laura,NL,HTML 5,0,the fall,My Best Friend Anne Frank,add,title_results,2022-09-15 20:23:28
Laura,NL,HTML 5,0,the fall,My Best Friend Anne Frank,add,title_results,2022-09-15 20:23:28
Laura,NL,HTML 5,0,the fall,,add,title_results,2022-09-15 20:20:45
Laura,NL,HTML 5,0,the fall,,add,title_results,2022-09-15 20:20:45
Laura,NL,iPad,0,elite,,select,title_results,2022-08-23 18:20:44
Laura,NL,HTML 5,0,love and anarchy,"Love & Anarchy: Season 1: ""How It All Began""",play,title_results,2022-06-18 11:23:33
Laura,NL,HTML 5,0,love and anarchy,"Love & Anarchy: Season 1: ""How It All Began""",play,title_results,2022-06-18 11:23:33
Laura,NL,iPad,0,stra,Stranger Things 3: The Game (Mobile Game),select,title_results,2022-05-20 18:59:09
Laura,NL,iPad,0,stra,,select,title_results,2022-05-20 18:57:35
Laura,NL,HTML 5,0,dexter,,play,title_results,2022-01-23 21:23:07
Laura,NL,iPad,0,million dollar listing,,select,title_results,2021-10-17 15:21:04
Laura,NL,iPad,0,,,select,prequery_results,2021-09-07 19:44:13
Laura,NL,HTML 5,0,the re,"The Restaurant: Season 1: ""Hemkomsten""",play,,2021-03-07 18:48:28
Laura,NL,HTML 5,0,love and anarchy,,play,,2021-01-28 17:51:08
Laura,NL,HTML 5,0,gossip,,play,,2020-11-29 14:44:35
Laura,NL,HTML 5,0,midnigh,Midnight at the Magnolia,play,,2020-11-26 19:35:54
Laura,NL,HTML 5,0,pose,,play,,2020-09-05 19:06:42
Laura,NL,iPad,0,valeria,,select,,2020-07-26 13:23:09
Laura,NL,HTML 5,0,unorthodox,,select,,
Laura,NL,HTML 5,0,unorthodox,,play,,
